"","OTU","baseMean","effect","Phylum","Class","Order","Family","Genus"
"Seq_9","Seq_9",1.5891742595373,-3.33526042299808,"Bacteroidetes","Bacteroidia","Sphingobacteriales","Sphingobacteriaceae","Pedobacter"
"Seq_34","Seq_34",0.328162578793677,-3.2590812704463,"Proteobacteria","Gammaproteobacteria","Betaproteobacteriales","Burkholderiaceae","Polaromonas"
"Seq_3","Seq_3",0.823794311414777,-3.16025749802928,"Bacteroidetes","Bacteroidia","Sphingobacteriales","Sphingobacteriaceae","Pedobacter"
"Seq_136","Seq_136",0.221070491896974,-2.87916086001908,"Proteobacteria","Alphaproteobacteria","Sphingomonadales","Sphingomonadaceae","Novosphingobium"
"Seq_194","Seq_194",0.0680482624836653,-2.74274669297244,"Bacteroidetes","Bacteroidia","Sphingobacteriales","Sphingobacteriaceae","Pedobacter"
"Seq_7","Seq_7",1.88604594234013,-2.73799975484789,"Actinobacteria","Actinobacteria","Micrococcales","Microbacteriaceae","Galbitalea"
"Seq_19","Seq_19",0.321932387839993,-2.73404419857134,"Proteobacteria","Gammaproteobacteria","Betaproteobacteriales","Burkholderiaceae","Duganella"
"Seq_70","Seq_70",0.428127939291639,-2.73208056110527,"Bacteroidetes","Bacteroidia","Cytophagales","Spirosomaceae","Dyadobacter"
"Seq_47","Seq_47",0.797188574872713,-2.72068777015175,"Bacteroidetes","Bacteroidia","Sphingobacteriales","Sphingobacteriaceae","Pedobacter"
"Seq_1","Seq_1",1.2725150112883,-2.7060367741527,"Bacteroidetes","Bacteroidia","Flavobacteriales","Flavobacteriaceae","Flavobacterium"
"Seq_146","Seq_146",0.241787010523781,-2.49147996918295,"Proteobacteria","Alphaproteobacteria","Sphingomonadales","Sphingomonadaceae","Novosphingobium"
"Seq_117","Seq_117",0.324174745952695,2.3664272688152,"Proteobacteria","Gammaproteobacteria","Gammaproteobacteria_Incertae_Sedis","Unknown_Family","Acidibacter"
"Seq_5","Seq_5",1.64055810129631,-2.35611004599052,"Proteobacteria","Gammaproteobacteria","Pseudomonadales","Pseudomonadaceae","Pseudomonas"
"Seq_135","Seq_135",0.250262642652893,-2.3189299465115,"Bacteroidetes","Bacteroidia","Sphingobacteriales","Sphingobacteriaceae","Pedobacter"
"Seq_285","Seq_285",0.0971008858032598,-2.31073549501329,"Bacteroidetes","Bacteroidia","Cytophagales","Spirosomaceae","Dyadobacter"
"Seq_74","Seq_74",0.308009222913977,-2.18421453190875,"Actinobacteria","Actinobacteria","Micrococcales","Microbacteriaceae","Unclassified"
"Seq_12","Seq_12",0.859796276019847,-2.17265556780953,"Proteobacteria","Gammaproteobacteria","Pseudomonadales","Pseudomonadaceae","Pseudomonas"
"Seq_73","Seq_73",0.298500313086595,2.17125994840425,"Proteobacteria","Gammaproteobacteria","Steroidobacterales","Steroidobacteraceae","Steroidobacter"
"Seq_55","Seq_55",0.077705903397244,-2.16329804380175,"Bacteroidetes","Bacteroidia","Flavobacteriales","Flavobacteriaceae","Flavobacterium"
"Seq_26","Seq_26",0.46462765962035,-2.12421315155349,"Bacteroidetes","Bacteroidia","Flavobacteriales","Flavobacteriaceae","Flavobacterium"
"Seq_27","Seq_27",0.118487164109926,-2.12232872936365,"Bacteroidetes","Bacteroidia","Flavobacteriales","Flavobacteriaceae","Flavobacterium"
"Seq_79","Seq_79",0.232410682271672,-2.11458961618749,"Actinobacteria","Actinobacteria","Micrococcales","Microbacteriaceae","Parafrigoribacterium"
"Seq_121","Seq_121",0.090378047231245,-2.08531186053361,"Proteobacteria","Gammaproteobacteria","Betaproteobacteriales","Methylophilaceae","Methylotenera"
"Seq_60","Seq_60",0.609678182819059,-2.07324918152131,"Bacteroidetes","Bacteroidia","Chitinophagales","Chitinophagaceae","Chitinophaga"
"Seq_267","Seq_267",0.0982090601951089,-2.06084235941878,"Bacteroidetes","Bacteroidia","Sphingobacteriales","Sphingobacteriaceae","Pedobacter"
"Seq_44","Seq_44",0.335248647592007,-2.0238933758605,"Actinobacteria","Actinobacteria","Micrococcales","Microbacteriaceae","Unclassified"
"Seq_320","Seq_320",0.0415830217475537,-2.02282698624906,"Proteobacteria","Alphaproteobacteria","Rhizobiales","Rhizobiaceae","Allorhizobium-Neorhizobium-Pararhizobium-Rhizobium"
"Seq_30","Seq_30",0.1100421339311,-2.01079823897429,"Actinobacteria","Actinobacteria","Micrococcales","Microbacteriaceae","Cryobacterium"
"Seq_186","Seq_186",0.0937317685270976,-1.99848166690234,"Proteobacteria","Alphaproteobacteria","Sphingomonadales","Sphingomonadaceae","Sphingobium"
"Seq_28","Seq_28",0.120617709531154,-1.97553654637527,"Proteobacteria","Gammaproteobacteria","Enterobacteriales","Enterobacteriaceae","Escherichia/Shigella"
"Seq_346","Seq_346",0.0466913231331209,-1.95235440592326,"Bacteroidetes","Bacteroidia","Cytophagales","Spirosomaceae","Dyadobacter"
"Seq_10","Seq_10",1.02217355544289,-1.94059983961216,"Proteobacteria","Alphaproteobacteria","Caulobacterales","Caulobacteraceae","Caulobacter"
"Seq_474","Seq_474",0.0696717756646854,1.91390364188992,"Bacteroidetes","Bacteroidia","Chitinophagales","Chitinophagaceae","Niastella"
"Seq_51","Seq_51",0.16711887144571,-1.91053660683579,"Bacteroidetes","Bacteroidia","Flavobacteriales","Flavobacteriaceae","Flavobacterium"
"Seq_277","Seq_277",0.0575620944180841,-1.86121723386095,"Bacteroidetes","Bacteroidia","Cytophagales","Spirosomaceae","Dyadobacter"
"Seq_22","Seq_22",0.29484220887587,-1.85896737278775,"Proteobacteria","Gammaproteobacteria","Betaproteobacteriales","Burkholderiaceae","Duganella"
"Seq_63","Seq_63",0.181748966396544,-1.84859381540765,"Bacteroidetes","Bacteroidia","Sphingobacteriales","Sphingobacteriaceae","Pedobacter"
"Seq_66","Seq_66",0.217813806641991,-1.84293802633882,"Bacteroidetes","Bacteroidia","Sphingobacteriales","Sphingobacteriaceae","Pedobacter"
"Seq_563","Seq_563",0.066673349836794,1.83951899944531,"Rare","Gemmatimonadetes","Gemmatimonadales","Gemmatimonadaceae","Gemmatimonas"
"Seq_209","Seq_209",0.201755919963896,1.82916223921437,"Proteobacteria","Gammaproteobacteria","Xanthomonadales","Xanthomonadaceae","Pseudoxanthomonas"
"Seq_134","Seq_134",0.0455887092601615,-1.81855522566527,"Bacteroidetes","Bacteroidia","Flavobacteriales","Flavobacteriaceae","Flavobacterium"
"Seq_114","Seq_114",0.20421656870248,-1.81853923306347,"Proteobacteria","Alphaproteobacteria","Rhizobiales","Rhizobiaceae","Allorhizobium-Neorhizobium-Pararhizobium-Rhizobium"
"Seq_40","Seq_40",0.589337078930949,-1.78824934566798,"Proteobacteria","Gammaproteobacteria","Betaproteobacteriales","Burkholderiaceae","Variovorax"
"Seq_97","Seq_97",0.116165928236024,-1.78707865496122,"Bacteroidetes","Bacteroidia","Sphingobacteriales","Sphingobacteriaceae","Pedobacter"
"Seq_626","Seq_626",0.0611117876818064,1.76233801930206,"Proteobacteria","Gammaproteobacteria","CCD24","Unclassified","Unclassified"
"Seq_303","Seq_303",0.0262634912591533,-1.75973092389703,"Proteobacteria","Gammaproteobacteria","Betaproteobacteriales","Burkholderiaceae","Janthinobacterium"
"Seq_24","Seq_24",0.637550940981024,-1.75957278771698,"Proteobacteria","Gammaproteobacteria","Pseudomonadales","Pseudomonadaceae","Pseudomonas"
"Seq_93","Seq_93",0.310316484911374,-1.74893842968188,"Proteobacteria","Gammaproteobacteria","Pseudomonadales","Pseudomonadaceae","Pseudomonas"
"Seq_177","Seq_177",0.0385746314699749,-1.7375798800266,"Verrucomicrobia","Verrucomicrobiae","Verrucomicrobiales","Rubritaleaceae","Luteolibacter"
"Seq_836","Seq_836",0.0438899866315343,1.71462331000106,"Rare","Anaerolineae","SBR1031","A4b","Unclassified"
"Seq_118","Seq_118",0.191733242419161,-1.70583976015859,"Proteobacteria","Gammaproteobacteria","Betaproteobacteriales","Burkholderiaceae","Duganella"
"Seq_242","Seq_242",0.105691543469428,-1.70189239943562,"Proteobacteria","Gammaproteobacteria","Betaproteobacteriales","Burkholderiaceae","Herbaspirillum"
"Seq_395","Seq_395",0.0268645667770484,-1.69288904731589,"Proteobacteria","Gammaproteobacteria","Betaproteobacteriales","Burkholderiaceae","Herminiimonas"
"Seq_461","Seq_461",0.0479674911641158,-1.66910299415984,"Proteobacteria","Gammaproteobacteria","Pseudomonadales","Pseudomonadaceae","Pseudomonas"
"Seq_581","Seq_581",0.058605840426348,1.66084734939162,"Proteobacteria","Alphaproteobacteria","Acetobacterales","Acetobacteraceae","Roseomonas"
"Seq_421","Seq_421",0.0507828802778253,-1.64966702304813,"Proteobacteria","Deltaproteobacteria","Myxococcales","Blfdi19","Unclassified"
"Seq_295","Seq_295",0.160663415746992,1.62956127886015,"Proteobacteria","Deltaproteobacteria","Myxococcales","Sandaracinaceae","Unclassified"
"Seq_1623","Seq_1623",0.0220748856294932,-1.6282655303913,"Actinobacteria","Actinobacteria","Streptomycetales","Streptomycetaceae","Streptomyces"
"Seq_213","Seq_213",0.0856030883493094,-1.6276989235349,"Proteobacteria","Alphaproteobacteria","Rhizobiales","Xanthobacteraceae","Tardiphaga"
"Seq_201","Seq_201",0.0773525575734032,-1.61650273143415,"Bacteroidetes","Bacteroidia","Sphingobacteriales","Sphingobacteriaceae","Pedobacter"
"Seq_126","Seq_126",0.130171424371142,-1.60726138855933,"Proteobacteria","Gammaproteobacteria","Betaproteobacteriales","Burkholderiaceae","Unclassified"
"Seq_1354","Seq_1354",0.0140847564673029,-1.60252203277832,"Actinobacteria","Actinobacteria","Micrococcales","Microbacteriaceae","Unclassified"
"Seq_519","Seq_519",0.0191747434717004,-1.59552430634939,"Bacteroidetes","Bacteroidia","Chitinophagales","Chitinophagaceae","Taibaiella"
"Seq_262","Seq_262",0.0882265037942345,1.59483054507669,"Proteobacteria","Gammaproteobacteria","Steroidobacterales","Steroidobacteraceae","Steroidobacter"
"Seq_310","Seq_310",0.0435738543384295,-1.58541134102302,"Proteobacteria","Alphaproteobacteria","Sphingomonadales","Sphingomonadaceae","Sphingobium"
"Seq_103","Seq_103",0.496619604959237,1.56442345053045,"Proteobacteria","Gammaproteobacteria","Steroidobacterales","Steroidobacteraceae","Steroidobacter"
"Seq_98","Seq_98",0.268812186487564,-1.55171121523672,"Actinobacteria","Actinobacteria","Micrococcales","Microbacteriaceae","Unclassified"
"Seq_206","Seq_206",0.0630133926543028,-1.54573755843477,"Proteobacteria","Alphaproteobacteria","Sphingomonadales","Sphingomonadaceae","Sphingomonas"
"Seq_240","Seq_240",0.067340429617395,-1.53411619392412,"Proteobacteria","Gammaproteobacteria","Betaproteobacteriales","Burkholderiaceae","Limnohabitans"
"Seq_80","Seq_80",0.332601285685549,-1.52483665978537,"Proteobacteria","Gammaproteobacteria","Enterobacteriales","Enterobacteriaceae","Yersinia"
"Seq_16","Seq_16",0.0732578428204578,-1.52394432549673,"Bacteroidetes","Bacteroidia","Flavobacteriales","Flavobacteriaceae","Flavobacterium"
"Seq_585","Seq_585",0.0657144615298316,1.52192085717788,"Actinobacteria","Actinobacteria","Micrococcales","Microbacteriaceae","Lysinimonas"
"Seq_411","Seq_411",0.0211998587112149,-1.52167063567295,"Bacteroidetes","Bacteroidia","Cytophagales","Spirosomaceae","Dyadobacter"
"Seq_480","Seq_480",0.0702901727893824,1.51895956178101,"Proteobacteria","Alphaproteobacteria","Caulobacterales","Hyphomonadaceae","Hirschia"
"Seq_564","Seq_564",0.0764608434759032,1.48968160758722,"Proteobacteria","Deltaproteobacteria","Myxococcales","Haliangiaceae","Haliangium"
"Seq_342","Seq_342",0.0919142038629144,1.4648616040235,"Bacteroidetes","Bacteroidia","Chitinophagales","Chitinophagaceae","Pseudoflavitalea"
"Seq_90","Seq_90",0.0460335578251326,-1.45004052696359,"Proteobacteria","Alphaproteobacteria","Caulobacterales","Caulobacteraceae","Brevundimonas"
"Seq_551","Seq_551",0.0321232677001313,-1.44397361707802,"Proteobacteria","Gammaproteobacteria","Betaproteobacteriales","Burkholderiaceae","Unclassified"
"Seq_904","Seq_904",0.0364207827936339,1.44374635908514,"Proteobacteria","Deltaproteobacteria","Myxococcales","Phaselicystidaceae","Phaselicystis"
"Seq_887","Seq_887",0.0381696982943537,1.44137526885738,"Bacteroidetes","Bacteroidia","Cytophagales","Microscillaceae","Unclassified"
"Seq_18","Seq_18",0.0438280587835203,-1.43002668241972,"Bacteroidetes","Bacteroidia","Flavobacteriales","Flavobacteriaceae","Flavobacterium"
"Seq_459","Seq_459",0.0347456964791641,-1.42734689038174,"Actinobacteria","Actinobacteria","Micrococcales","Microbacteriaceae","Unclassified"
"Seq_58","Seq_58",0.47895721352736,-1.4259396687684,"Proteobacteria","Alphaproteobacteria","Rhizobiales","Kaistiaceae","Kaistia"
"Seq_701","Seq_701",0.0507503051227527,1.42073156948889,"Actinobacteria","Actinobacteria","Micrococcales","Microbacteriaceae","Leifsonia"
"Seq_497","Seq_497",0.0673156365430285,1.41558913353074,"Actinobacteria","Actinobacteria","Micromonosporales","Micromonosporaceae","Actinoplanes"
"Seq_104","Seq_104",0.178788043058459,-1.39551600660494,"Bacteroidetes","Bacteroidia","Flavobacteriales","Flavobacteriaceae","Flavobacterium"
"Seq_175","Seq_175",0.155459593744901,-1.39368093137848,"Bacteroidetes","Bacteroidia","Cytophagales","Spirosomaceae","Dyadobacter"
"Seq_39","Seq_39",0.785426485230914,-1.39104119442667,"Proteobacteria","Gammaproteobacteria","Pseudomonadales","Pseudomonadaceae","Pseudomonas"
"Seq_143","Seq_143",0.104947862776412,-1.38869954244729,"Bacteroidetes","Bacteroidia","Chitinophagales","Chitinophagaceae","Unclassified"
"Seq_398","Seq_398",0.109168705901549,-1.38494174313332,"Actinobacteria","Actinobacteria","Micromonosporales","Micromonosporaceae","Actinoplanes"
"Seq_160","Seq_160",0.0570532933115871,-1.3764322807523,"Bacteroidetes","Bacteroidia","Sphingobacteriales","Sphingobacteriaceae","Pedobacter"
"Seq_1206","Seq_1206",0.0315939617221453,1.36753767546075,"Rare","Subgroup_6","Unclassified","Unclassified","Unclassified"
"Seq_756","Seq_756",0.042161113041245,1.36661026084118,"Rare","Planctomycetacia","Pirellulales","Pirellulaceae","Pir4_lineage"
"Seq_352","Seq_352",0.112478752152414,1.35882439468903,"Proteobacteria","Gammaproteobacteria","Xanthomonadales","Xanthomonadaceae","Pseudoxanthomonas"
"Seq_171","Seq_171",0.117640188844923,-1.35846571959905,"Proteobacteria","Gammaproteobacteria","Betaproteobacteriales","Burkholderiaceae","Pseudorhodoferax"
"Seq_824","Seq_824",0.0316818050089053,1.35456863927635,"Bacteroidetes","Bacteroidia","Cytophagales","Microscillaceae","Ohtaekwangia"
"Seq_987","Seq_987",0.0388001506479148,1.35208017889771,"Actinobacteria","Actinobacteria","Micromonosporales","Micromonosporaceae","Dactylosporangium"
"Seq_25","Seq_25",0.570812028577098,-1.33924627423806,"Bacteroidetes","Bacteroidia","Sphingobacteriales","Sphingobacteriaceae","Pedobacter"
"Seq_636","Seq_636",0.0323039696137795,-1.33546305109057,"Proteobacteria","Gammaproteobacteria","Betaproteobacteriales","Burkholderiaceae","Unclassified"
"Seq_157","Seq_157",0.0358847332975211,-1.33383664570312,"Actinobacteria","Actinobacteria","Micrococcales","Microbacteriaceae","Agromyces"
"Seq_72","Seq_72",0.251509749196709,-1.32838011902365,"Proteobacteria","Gammaproteobacteria","Enterobacteriales","Enterobacteriaceae","Unclassified"
"Seq_1701","Seq_1701",0.0193915283447182,-1.32372903102505,"Proteobacteria","Deltaproteobacteria","Myxococcales","Polyangiaceae","Pajaroellobacter"
"Seq_38","Seq_38",0.18309232307528,-1.31523400035688,"Proteobacteria","Gammaproteobacteria","Betaproteobacteriales","Burkholderiaceae","Duganella"
"Seq_409","Seq_409",0.0830917164486442,1.31499709217285,"Proteobacteria","Alphaproteobacteria","Dongiales","Dongiaceae","Dongia"
"Seq_475","Seq_475",0.0658045364927888,-1.29699422149533,"Proteobacteria","Alphaproteobacteria","Rhizobiales","Xanthobacteraceae","Ancylobacter"
"Seq_33","Seq_33",0.606446588246309,-1.29113212261604,"Proteobacteria","Gammaproteobacteria","Betaproteobacteriales","Burkholderiaceae","Unclassified"
"Seq_1260","Seq_1260",0.0248430660921785,1.2875681911462,"Rare","Planctomycetacia","Pirellulales","Pirellulaceae","Unclassified"
"Seq_568","Seq_568",0.0738999425547772,1.28596064596549,"Proteobacteria","Deltaproteobacteria","Myxococcales","BIrii41","Unclassified"
"Seq_266","Seq_266",0.0144200981163822,-1.28353651970288,"Bacteroidetes","Bacteroidia","Sphingobacteriales","Sphingobacteriaceae","Pedobacter"
"Seq_350","Seq_350",0.0929495711981684,-1.27946856401325,"Proteobacteria","Alphaproteobacteria","Rhizobiales","Rhizobiaceae","Allorhizobium-Neorhizobium-Pararhizobium-Rhizobium"
"Seq_752","Seq_752",0.0353421886907946,-1.27220186122497,"Actinobacteria","Actinobacteria","Micromonosporales","Micromonosporaceae","Actinoplanes"
"Seq_110","Seq_110",0.0505800885471452,-1.27141067121826,"Proteobacteria","Alphaproteobacteria","Caulobacterales","Caulobacteraceae","Caulobacter"
"Seq_632","Seq_632",0.0629407405984644,1.27103342163143,"Bacteroidetes","Bacteroidia","Chitinophagales","Chitinophagaceae","Chitinophaga"
"Seq_1291","Seq_1291",0.0246171415676637,1.27021479802911,"Proteobacteria","Alphaproteobacteria","Rhizobiales","Xanthobacteraceae","Pseudorhodoplanes"
"Seq_298","Seq_298",0.0653501668299898,-1.2633219873449,"Bacteroidetes","Bacteroidia","Cytophagales","Spirosomaceae","Dyadobacter"
"Seq_682","Seq_682",0.0254239435766856,-1.26109068610033,"Bacteroidetes","Bacteroidia","Cytophagales","Spirosomaceae","Dyadobacter"
"Seq_523","Seq_523",0.0741141524841873,-1.25925081067778,"Proteobacteria","Alphaproteobacteria","Sphingomonadales","Sphingomonadaceae","Sphingobium"
"Seq_671","Seq_671",0.0265422602943179,-1.25726212051481,"Proteobacteria","Gammaproteobacteria","Betaproteobacteriales","Burkholderiaceae","Variovorax"
"Seq_3176","Seq_3176",0.00691533992107975,-1.25271612352566,"Proteobacteria","Alphaproteobacteria","Rhizobiales","Rhizobiaceae","Allorhizobium-Neorhizobium-Pararhizobium-Rhizobium"
"Seq_390","Seq_390",0.0768511398974108,1.24327708510771,"Proteobacteria","Alphaproteobacteria","Rhizobiales","Rhodomicrobiaceae","Rhodomicrobium"
"Seq_322","Seq_322",0.019336813357624,-1.23998039265529,"Proteobacteria","Gammaproteobacteria","Betaproteobacteriales","Burkholderiaceae","Actimicrobium"
"Seq_356","Seq_356",0.0607371157815122,1.2350922074724,"Bacteroidetes","Bacteroidia","Cytophagales","Microscillaceae","Ohtaekwangia"
"Seq_957","Seq_957",0.0375813234210081,1.2224666134357,"Rare","Phycisphaerae","Tepidisphaerales","WD2101_soil_group","Unclassified"
"Seq_550","Seq_550",0.0134349433095923,-1.21369401888834,"Verrucomicrobia","Verrucomicrobiae","Verrucomicrobiales","Rubritaleaceae","Luteolibacter"
"Seq_1574","Seq_1574",0.00697939279990341,-1.21123047856726,"Proteobacteria","Alphaproteobacteria","Rhizobiales","Rhizobiaceae","Aureimonas"
"Seq_436","Seq_436",0.0486661851384114,-1.20176623484065,"Bacteroidetes","Bacteroidia","Sphingobacteriales","Sphingobacteriaceae","Pedobacter"
"Seq_826","Seq_826",0.0484513216469919,1.19339629830248,"Rare","Fimbriimonadia","Fimbriimonadales","Fimbriimonadaceae","Unclassified"
"Seq_349","Seq_349",0.118366926433622,1.1888856574949,"Proteobacteria","Gammaproteobacteria","Gammaproteobacteria_Incertae_Sedis","Unknown_Family","Acidibacter"
"Seq_216","Seq_216",0.0102809625667223,-1.18682999715229,"Proteobacteria","Alphaproteobacteria","Rhizobiales","Devosiaceae","Devosia"
"Seq_1451","Seq_1451",0.020085326914554,1.18195338901333,"Proteobacteria","Alphaproteobacteria","Reyranellales","Reyranellaceae","Reyranella"
"Seq_750","Seq_750",0.0289151472829848,-1.17695854531439,"Proteobacteria","Alphaproteobacteria","Rhizobiales","Rhizobiaceae","Allorhizobium-Neorhizobium-Pararhizobium-Rhizobium"
"Seq_590","Seq_590",0.0579794763845749,1.17546240569138,"Actinobacteria","Actinobacteria","Micromonosporales","Micromonosporaceae","Actinoplanes"
"Seq_547","Seq_547",0.0736635315453665,1.17411456742037,"Proteobacteria","Gammaproteobacteria","Betaproteobacteriales","Burkholderiaceae","Unclassified"
"Seq_432","Seq_432",0.0418118485990177,-1.16694384825082,"Bacteroidetes","Bacteroidia","Cytophagales","Spirosomaceae","Dyadobacter"
"Seq_1202","Seq_1202",0.0272728825808701,1.16539465667278,"Proteobacteria","Deltaproteobacteria","Myxococcales","Unclassified","Unclassified"
"Seq_92","Seq_92",0.0922119650571243,-1.16321705709645,"Verrucomicrobia","Verrucomicrobiae","Verrucomicrobiales","Rubritaleaceae","Luteolibacter"
"Seq_1208","Seq_1208",0.0106042400109301,-1.16115158906319,"Verrucomicrobia","Verrucomicrobiae","Opitutales","Opitutaceae","Lacunisphaera"
"Seq_319","Seq_319",0.0455835685600167,-1.15917939433091,"Proteobacteria","Gammaproteobacteria","Betaproteobacteriales","Burkholderiaceae","Unclassified"
"Seq_644","Seq_644",0.0405818068487871,-1.15882757834846,"Proteobacteria","Alphaproteobacteria","Acetobacterales","Acetobacteraceae","Roseomonas"
"Seq_1021","Seq_1021",0.0184941560179571,-1.15282387746535,"Bacteroidetes","Bacteroidia","Cytophagales","Spirosomaceae","Dyadobacter"
"Seq_773","Seq_773",0.0465296176650064,1.13602191915489,"Proteobacteria","Alphaproteobacteria","Rhizobiales","Beijerinckiaceae","Bosea"
"Seq_983","Seq_983",0.00315409952396239,-1.13118096811577,"Proteobacteria","Alphaproteobacteria","Rhizobiales","Devosiaceae","Devosia"
"Seq_718","Seq_718",0.00711974814568668,-1.12745474180057,"Proteobacteria","Alphaproteobacteria","Sphingomonadales","Sphingomonadaceae","Sphingobium"
"Seq_82","Seq_82",0.368762140275181,-1.12693784409312,"Actinobacteria","Actinobacteria","Micrococcales","Microbacteriaceae","Unclassified"
"Seq_148","Seq_148",0.117850619706838,-1.12445567884896,"Bacteroidetes","Bacteroidia","Sphingobacteriales","Sphingobacteriaceae","Pedobacter"
"Seq_1495","Seq_1495",0.0200518036916291,1.12429938072521,"Proteobacteria","Alphaproteobacteria","Sneathiellales","Sneathiellaceae","Ferrovibrio"
"Seq_371","Seq_371",0.013858826991172,-1.11688851934438,"Proteobacteria","Alphaproteobacteria","Rhizobiales","Devosiaceae","Devosia"
"Seq_1168","Seq_1168",0.0256363083577392,1.11491563211562,"Rare","Acidobacteriia","Solibacterales","Solibacteraceae_(Subgroup_3)","Paludibaculum"
"Seq_125","Seq_125",0.116095713663263,-1.10832173715094,"Proteobacteria","Gammaproteobacteria","Pseudomonadales","Pseudomonadaceae","Pseudomonas"
"Seq_37","Seq_37",0.319331642367493,-1.09969608940157,"Proteobacteria","Alphaproteobacteria","Rhizobiales","Rhizobiaceae","Neorhizobium"
"Seq_87","Seq_87",0.0785294149387568,-1.09949643679256,"Proteobacteria","Alphaproteobacteria","Rhizobiales","Devosiaceae","Devosia"
"Seq_64","Seq_64",0.648115704153384,-1.09625245022613,"Proteobacteria","Alphaproteobacteria","Rhizobiales","Xanthobacteraceae","Tardiphaga"
"Seq_599","Seq_599",0.0542751983005152,1.09430293410106,"Proteobacteria","Alphaproteobacteria","Rhizobiales","Rhizobiaceae","Shinella"
"Seq_761","Seq_761",0.031211638905351,-1.09329400103467,"Bacteroidetes","Bacteroidia","Sphingobacteriales","Sphingobacteriaceae","Pedobacter"
"Seq_163","Seq_163",0.150285913595269,-1.08624972008361,"Actinobacteria","Actinobacteria","Micrococcales","Microbacteriaceae","Unclassified"
"Seq_2268","Seq_2268",0.0121333032564551,-1.0843508066749,"Actinobacteria","Actinobacteria","Micrococcales","Microbacteriaceae","Agromyces"
"Seq_681","Seq_681",0.0247035593831192,1.08416363646147,"Actinobacteria","Actinobacteria","Micrococcales","Microbacteriaceae","Lysinimonas"
"Seq_150","Seq_150",0.0534004634400358,-1.07865713152742,"Bacteroidetes","Bacteroidia","Sphingobacteriales","Sphingobacteriaceae","Pedobacter"
"Seq_282","Seq_282",0.0974812134369505,1.07702944457794,"Verrucomicrobia","Verrucomicrobiae","Opitutales","Opitutaceae","Lacunisphaera"
"Seq_212","Seq_212",0.117224982638138,-1.07444677869573,"Proteobacteria","Gammaproteobacteria","Betaproteobacteriales","Burkholderiaceae","Massilia"
"Seq_442","Seq_442",0.0197417858717882,-1.07433501147625,"Proteobacteria","Deltaproteobacteria","Bdellovibrionales","Bacteriovoracaceae","Peredibacter"
"Seq_65","Seq_65",0.390050133029313,-1.07030446935576,"Bacteroidetes","Bacteroidia","Sphingobacteriales","Sphingobacteriaceae","Pedobacter"
"Seq_2252","Seq_2252",0.00977529602059292,-1.06804152159287,"Actinobacteria","Actinobacteria","Propionibacteriales","Nocardioidaceae","Nocardioides"
"Seq_29","Seq_29",0.0283842724097172,-1.06037379303923,"Bacteroidetes","Bacteroidia","Flavobacteriales","Flavobacteriaceae","Flavobacterium"
"Seq_36","Seq_36",0.595772471307253,-1.06007243786849,"Proteobacteria","Gammaproteobacteria","Pseudomonadales","Pseudomonadaceae","Pseudomonas"
"Seq_710","Seq_710",0.023613712508825,-1.05925679592018,"Proteobacteria","Gammaproteobacteria","Betaproteobacteriales","Burkholderiaceae","Unclassified"
"Seq_196","Seq_196",0.244887494525016,1.05709971156828,"Bacteroidetes","Bacteroidia","Chitinophagales","Chitinophagaceae","Chitinophaga"
"Seq_999","Seq_999",0.048112361536039,-1.05637963906125,"Proteobacteria","Deltaproteobacteria","Myxococcales","Polyangiaceae","Pajaroellobacter"
"Seq_396","Seq_396",0.0310563756583176,1.05463620397049,"Proteobacteria","Alphaproteobacteria","Rhizobiales","Rhizobiaceae","Pseudochrobactrum"
"Seq_506","Seq_506",0.0973793346380675,1.04828540233618,"Proteobacteria","Deltaproteobacteria","Myxococcales","Sandaracinaceae","Unclassified"
"Seq_318","Seq_318",0.0150969325567595,-1.04672849641573,"Proteobacteria","Alphaproteobacteria","Sphingomonadales","Sphingomonadaceae","Sphingobium"
"Seq_68","Seq_68",0.160206466334663,-1.04625512138881,"Bacteroidetes","Bacteroidia","Cytophagales","Microscillaceae","Unclassified"
"Seq_427","Seq_427",0.0884957207659083,-1.04493367189643,"Actinobacteria","Actinobacteria","Pseudonocardiales","Pseudonocardiaceae","Lechevalieria"
"Seq_700","Seq_700",0.022569289777598,-1.04372051106131,"Bacteroidetes","Bacteroidia","Flavobacteriales","Flavobacteriaceae","Flavobacterium"
"Seq_1178","Seq_1178",0.0268246882666021,1.04195976575991,"Proteobacteria","Alphaproteobacteria","Sphingomonadales","Sphingomonadaceae","Ellin6055"
"Seq_284","Seq_284",0.157106988395649,1.03791797139175,"Proteobacteria","Alphaproteobacteria","Caulobacterales","Hyphomonadaceae","Hirschia"
"Seq_1364","Seq_1364",0.0168220322015271,1.02484199124063,"Proteobacteria","Alphaproteobacteria","Dongiales","Dongiaceae","Dongia"
"Seq_449","Seq_449",0.0242000228211619,-1.01292334330019,"Bacteroidetes","Bacteroidia","Flavobacteriales","Flavobacteriaceae","Flavobacterium"
"Seq_863","Seq_863",0.0424253519295015,-1.01107962538692,"Actinobacteria","Actinobacteria","Streptosporangiales","Streptosporangiaceae","Streptosporangium"
"Seq_692","Seq_692",0.055680747660151,1.01092399465664,"Actinobacteria","Actinobacteria","Micromonosporales","Micromonosporaceae","Actinoplanes"
"Seq_420","Seq_420",0.0609631250974839,-1.01030744615579,"Proteobacteria","Gammaproteobacteria","Betaproteobacteriales","Burkholderiaceae","Pigmentiphaga"
"Seq_241","Seq_241",0.031037431194312,-1.00575255159304,"Bacteroidetes","Bacteroidia","Chitinophagales","Chitinophagaceae","Unclassified"
"Seq_370","Seq_370",0.0142104482252892,-0.999210072265989,"Actinobacteria","Actinobacteria","Micrococcales","Microbacteriaceae","Agromyces"
"Seq_745","Seq_745",0.0320179400340924,0.998308560716823,"Proteobacteria","Gammaproteobacteria","Xanthomonadales","Xanthomonadaceae","Stenotrophomonas"
"Seq_128","Seq_128",0.0944720646426401,-0.998148784293328,"Proteobacteria","Gammaproteobacteria","Betaproteobacteriales","Burkholderiaceae","Polaromonas"
"Seq_78","Seq_78",0.275292192465471,0.996949159975122,"Bacteroidetes","Bacteroidia","Chitinophagales","Chitinophagaceae","Chitinophaga"
"Seq_308","Seq_308",0.0165520262264046,-0.993530133398527,"Proteobacteria","Alphaproteobacteria","Caulobacterales","Caulobacteraceae","Asticcacaulis"
"Seq_107","Seq_107",0.402952335861769,-0.988720912495902,"Actinobacteria","Actinobacteria","Kineosporiales","Kineosporiaceae","Kineosporia"
"Seq_50","Seq_50",0.33235123111905,0.986106844425534,"Bacteroidetes","Bacteroidia","Chitinophagales","Chitinophagaceae","Chitinophaga"
"Seq_930","Seq_930",0.0344190623174868,-0.982959170940307,"Actinobacteria","Actinobacteria","Micrococcales","Microbacteriaceae","Unclassified"
"Seq_687","Seq_687",0.0517378235746404,0.977416604984993,"Actinobacteria","Actinobacteria","Micrococcales","Microbacteriaceae","Agromyces"
"Seq_296","Seq_296",0.01498462238747,-0.977054857620076,"Proteobacteria","Gammaproteobacteria","Betaproteobacteriales","Burkholderiaceae","Polaromonas"
"Seq_324","Seq_324",0.0515855103592029,0.974871521587025,"Actinobacteria","Actinobacteria","Micromonosporales","Micromonosporaceae","Virgisporangium"
"Seq_217","Seq_217",0.0161586284615225,-0.96938623150377,"Bacteroidetes","Bacteroidia","Sphingobacteriales","Sphingobacteriaceae","Pedobacter"
"Seq_56","Seq_56",0.413628554282133,-0.968398556979321,"Proteobacteria","Gammaproteobacteria","Pseudomonadales","Pseudomonadaceae","Pseudomonas"
"Seq_1116","Seq_1116",0.02507704034081,0.967558658516125,"Proteobacteria","Deltaproteobacteria","Myxococcales","BIrii41","Unclassified"
"Seq_357","Seq_357",0.015170403121533,-0.965012259440629,"Proteobacteria","Gammaproteobacteria","Betaproteobacteriales","Burkholderiaceae","Xylophilus"
"Seq_4","Seq_4",2.27018751490971,-0.964096291560813,"Proteobacteria","Gammaproteobacteria","Pseudomonadales","Pseudomonadaceae","Pseudomonas"
"Seq_1282","Seq_1282",0.00327742508375866,-0.96380259276007,"Proteobacteria","Alphaproteobacteria","Caulobacterales","Caulobacteraceae","Caulobacter"
"Seq_649","Seq_649",0.0087126558366642,-0.959542741857886,"Bacteroidetes","Bacteroidia","Chitinophagales","Chitinophagaceae","Taibaiella"
"Seq_302","Seq_302",0.120037174141698,0.959120147875735,"Proteobacteria","Gammaproteobacteria","Xanthomonadales","Xanthomonadaceae","Pseudoxanthomonas"
"Seq_227","Seq_227",0.0688493425231731,-0.949652421931135,"Proteobacteria","Alphaproteobacteria","Sphingomonadales","Sphingomonadaceae","Sphingobium"
"Seq_190","Seq_190",0.1302148156755,-0.939904568509681,"Proteobacteria","Gammaproteobacteria","Pseudomonadales","Pseudomonadaceae","Pseudomonas"
"Seq_2073","Seq_2073",0.0101024047112817,-0.938666021865962,"Proteobacteria","Gammaproteobacteria","Salinisphaerales","Solimonadaceae","Alkanibacter"
"Seq_330","Seq_330",0.0893463915992408,-0.931166438600246,"Actinobacteria","Actinobacteria","Micrococcales","Microbacteriaceae","Agromyces"
"Seq_2522","Seq_2522",0.00651288033942676,-0.929516565254125,"Bacteroidetes","Bacteroidia","Sphingobacteriales","Sphingobacteriaceae","Mucilaginibacter"
"Seq_2892","Seq_2892",0.00468824943075741,-0.928958028176155,"Rare","Unclassified","Unclassified","Unclassified","Unclassified"
"Seq_248","Seq_248",0.0188322068559209,-0.921464559106226,"Proteobacteria","Gammaproteobacteria","Betaproteobacteriales","Burkholderiaceae","Janthinobacterium"
"Seq_394","Seq_394",0.102164394432332,0.920336755906901,"Proteobacteria","Gammaproteobacteria","Steroidobacterales","Steroidobacteraceae","Steroidobacter"
"Seq_419","Seq_419",0.0362469600732404,-0.918920090835114,"Proteobacteria","Gammaproteobacteria","Salinisphaerales","Solimonadaceae","Panacagrimonas"
"Seq_174","Seq_174",0.169050223407391,-0.918910980609141,"Proteobacteria","Alphaproteobacteria","Sphingomonadales","Sphingomonadaceae","Sphingomonas"
"Seq_844","Seq_844",0.00654980996836061,-0.913298557864534,"Proteobacteria","Alphaproteobacteria","Rhizobiales","Unclassified","Unclassified"
"Seq_407","Seq_407",0.113558129886105,0.90796020851373,"Bacteroidetes","Bacteroidia","Cytophagales","Microscillaceae","Ohtaekwangia"
"Seq_604","Seq_604",0.0777728239844976,0.906301959627961,"Proteobacteria","Gammaproteobacteria","R7C24","Unclassified","Unclassified"
"Seq_571","Seq_571",0.0337339262074618,0.90552606371584,"Proteobacteria","Deltaproteobacteria","Myxococcales","Haliangiaceae","Haliangium"
"Seq_185","Seq_185",0.157224717113437,-0.904079213972493,"Proteobacteria","Gammaproteobacteria","Xanthomonadales","Xanthomonadaceae","Pseudoxanthomonas"
"Seq_896","Seq_896",0.0365539520841852,0.897568897836483,"Actinobacteria","Actinobacteria","Micromonosporales","Micromonosporaceae","Actinoplanes"
"Seq_113","Seq_113",0.00537496810538656,-0.896669513316744,"Bacteroidetes","Bacteroidia","Flavobacteriales","Flavobacteriaceae","Flavobacterium"
"Seq_1148","Seq_1148",0.026487040830708,0.89431764033386,"Actinobacteria","Actinobacteria","Micromonosporales","Micromonosporaceae","Actinoplanes"
"Seq_735","Seq_735",0.0114139794047259,-0.893286991341914,"Proteobacteria","Gammaproteobacteria","Betaproteobacteriales","Methylophilaceae","Methylotenera"
"Seq_544","Seq_544",0.0163147502898086,0.892308707373738,"Rare","Subgroup_6","Unknown_Order","Unknown_Family","Vicinamibacter"
"Seq_52","Seq_52",0.393221011711708,-0.890502301213721,"Proteobacteria","Gammaproteobacteria","Betaproteobacteriales","Methylophilaceae","MM1"
"Seq_1312","Seq_1312",0.0185372633722188,0.889837277479391,"Actinobacteria","Thermoleophilia","Solirubrobacterales","Solirubrobacteraceae","Solirubrobacter"
"Seq_261","Seq_261",0.117929313324683,0.887366949306662,"Bacteroidetes","Bacteroidia","Chitinophagales","Chitinophagaceae","Pseudoflavitalea"
"Seq_253","Seq_253",0.0500524729759566,-0.886063130111712,"Proteobacteria","Alphaproteobacteria","Caulobacterales","Caulobacteraceae","Caulobacter"
"Seq_2213","Seq_2213",0.013033507529633,0.885556711131515,"Actinobacteria","Actinobacteria","Micrococcales","Microbacteriaceae","Leifsonia"
"Seq_156","Seq_156",0.021720981582153,-0.880506288144293,"Proteobacteria","Alphaproteobacteria","Caulobacterales","Caulobacteraceae","Brevundimonas"
"Seq_890","Seq_890",0.00452496535646838,-0.877999769370174,"Bacteroidetes","Bacteroidia","Flavobacteriales","Flavobacteriaceae","Flavobacterium"
"Seq_323","Seq_323",0.0622175503042819,-0.877697838416208,"Bacteroidetes","Bacteroidia","Sphingobacteriales","Sphingobacteriaceae","Mucilaginibacter"
"Seq_521","Seq_521",0.0645126769483317,0.875821522743738,"Proteobacteria","Alphaproteobacteria","Rhizobiales","Devosiaceae","Devosia"
"Seq_412","Seq_412",0.0810356584537415,0.874658203099216,"Bacteroidetes","Bacteroidia","Chitinophagales","Chitinophagaceae","Terrimonas"
"Seq_561","Seq_561",0.0837043594317145,0.870718004411869,"Proteobacteria","Gammaproteobacteria","Betaproteobacteriales","Burkholderiaceae","Unclassified"
"Seq_640","Seq_640",0.0271168220068236,-0.870563450724854,"Bacteroidetes","Bacteroidia","Sphingobacteriales","Sphingobacteriaceae","Mucilaginibacter"
"Seq_335","Seq_335",0.0803972503294416,0.869990998194114,"Proteobacteria","Gammaproteobacteria","Betaproteobacteriales","Burkholderiaceae","Rhizobacter"
"Seq_1138","Seq_1138",0.0226039017220422,0.869802290696093,"Bacteroidetes","Bacteroidia","Cytophagales","Microscillaceae","Ohtaekwangia"
"Seq_499","Seq_499",0.0747421384483835,0.867865428258208,"Bacteroidetes","Bacteroidia","Cytophagales","Microscillaceae","Unclassified"
"Seq_2584","Seq_2584",0.00458406587646979,-0.866611211659478,"Bacteroidetes","Bacteroidia","Chitinophagales","Chitinophagaceae","Taibaiella"
"Seq_1316","Seq_1316",0.0292955535513185,0.863991463767039,"Proteobacteria","Alphaproteobacteria","Sphingomonadales","Sphingomonadaceae","Altererythrobacter"
"Seq_536","Seq_536",0.078966452062906,0.862469946377969,"Proteobacteria","Alphaproteobacteria","Micropepsales","Micropepsaceae","Unclassified"
"Seq_328","Seq_328",0.0978284301496114,-0.860343619969192,"Proteobacteria","Alphaproteobacteria","Sphingomonadales","Sphingomonadaceae","Sphingobium"
"Seq_62","Seq_62",0.254025909962967,-0.857538149588125,"Proteobacteria","Gammaproteobacteria","Pseudomonadales","Pseudomonadaceae","Pseudomonas"
"Seq_3455","Seq_3455",0.0065261320257952,-0.852191936794829,"Proteobacteria","Alphaproteobacteria","Sphingomonadales","Sphingomonadaceae","Sphingomonas"
"Seq_967","Seq_967",0.039832972776568,0.851924297851084,"Proteobacteria","Alphaproteobacteria","Caulobacterales","Hyphomonadaceae","Hirschia"
"Seq_495","Seq_495",0.0426379508323679,0.851302254875348,"Proteobacteria","Deltaproteobacteria","Myxococcales","BIrii41","Unclassified"
"Seq_733","Seq_733",0.0408647854343455,-0.850886829169786,"Bacteroidetes","Bacteroidia","Sphingobacteriales","Sphingobacteriaceae","Mucilaginibacter"
"Seq_665","Seq_665",0.0215929002277579,-0.849859596430176,"Bacteroidetes","Bacteroidia","Chitinophagales","Chitinophagaceae","Unclassified"
"Seq_1254","Seq_1254",0.0294039121636759,0.848569727780185,"Proteobacteria","Alphaproteobacteria","Caulobacterales","Hyphomonadaceae","Hirschia"
"Seq_940","Seq_940",0.0339410238797452,-0.845708821759532,"Bacteroidetes","Bacteroidia","Chitinophagales","Chitinophagaceae","Unclassified"
"Seq_741","Seq_741",0.00384220625844241,-0.845156981518903,"Bacteroidetes","Bacteroidia","Flavobacteriales","Flavobacteriaceae","Flavobacterium"
"Seq_1383","Seq_1383",0.0253839562743243,0.84260502748962,"Proteobacteria","Gammaproteobacteria","Oceanospirillales","Pseudohongiellaceae","BIyi10"
"Seq_510","Seq_510",0.04782537267998,-0.841879234639179,"Bacteroidetes","Bacteroidia","Chitinophagales","Chitinophagaceae","Taibaiella"
"Seq_975","Seq_975",0.0362676014939407,0.840743527037576,"Proteobacteria","Deltaproteobacteria","Myxococcales","Sandaracinaceae","Unclassified"
"Seq_1949","Seq_1949",0.0152521818990015,0.840260369763135,"Proteobacteria","Deltaproteobacteria","Myxococcales","Polyangiaceae","Pajaroellobacter"
"Seq_386","Seq_386",0.0847128073718616,-0.836622904992778,"Proteobacteria","Alphaproteobacteria","Sphingomonadales","Sphingomonadaceae","Sphingomonas"
"Seq_1374","Seq_1374",0.0123912752068108,-0.835815722959776,"Bacteroidetes","Bacteroidia","Flavobacteriales","Weeksellaceae","Chryseobacterium"
"Seq_847","Seq_847",0.0227039290563116,-0.835199754403702,"Bacteroidetes","Bacteroidia","Chitinophagales","Chitinophagaceae","Unclassified"
"Seq_131","Seq_131",0.29947123358467,-0.831259763619681,"Proteobacteria","Alphaproteobacteria","Sphingomonadales","Sphingomonadaceae","Sphingomonas"
"Seq_488","Seq_488",0.0256179631091754,-0.830901893884159,"Bacteroidetes","Bacteroidia","Flavobacteriales","Flavobacteriaceae","Flavobacterium"
"Seq_1607","Seq_1607",0.017576251019143,0.830806764581199,"Proteobacteria","Alphaproteobacteria","Sphingomonadales","Sphingomonadaceae","Sphingobium"
"Seq_446","Seq_446",0.0228297127238728,-0.830100599557687,"Bacteroidetes","Bacteroidia","Flavobacteriales","Flavobacteriaceae","Flavobacterium"
"Seq_1707","Seq_1707",0.0146123310570427,0.829421925603887,"Bacteroidetes","Bacteroidia","Chitinophagales","Chitinophagaceae","Niabella"
"Seq_841","Seq_841",0.00302607603641787,-0.827510546132956,"Proteobacteria","Alphaproteobacteria","Sphingomonadales","Sphingomonadaceae","Unclassified"
"Seq_1103","Seq_1103",0.0131081365519156,0.825412579329243,"Rare","TK10","Unclassified","Unclassified","Unclassified"
"Seq_210","Seq_210",0.201608111722357,-0.823830532254298,"Actinobacteria","Actinobacteria","Streptomycetales","Streptomycetaceae","Streptomyces"
"Seq_91","Seq_91",0.0077669784172336,-0.823537514876456,"Proteobacteria","Gammaproteobacteria","Betaproteobacteriales","Burkholderiaceae","Rhodoferax"
"Seq_1077","Seq_1077",0.0322716572484574,0.823507362682546,"Proteobacteria","Deltaproteobacteria","Myxococcales","Haliangiaceae","Haliangium"
"Seq_3748","Seq_3748",0.00389992327968075,-0.822589013792018,"Proteobacteria","Alphaproteobacteria","Sphingomonadales","Sphingomonadaceae","Sphingomonas"
"Seq_291","Seq_291",0.0410492317429848,-0.819054967216425,"Bacteroidetes","Bacteroidia","Sphingobacteriales","env.OPS_17","Unclassified"
"Seq_1778","Seq_1778",0.0132451672370531,0.815987256638296,"Actinobacteria","Actinobacteria","Micromonosporales","Micromonosporaceae","Unclassified"
"Seq_245","Seq_245",0.0533053903581132,-0.815743225241964,"Actinobacteria","Actinobacteria","Propionibacteriales","Nocardioidaceae","Kribbella"
"Seq_94","Seq_94",0.0780891501844435,-0.81540143309264,"Bacteroidetes","Bacteroidia","Sphingobacteriales","Sphingobacteriaceae","Pedobacter"
"Seq_555","Seq_555",0.0338326544309558,0.811232913808275,"Proteobacteria","Deltaproteobacteria","Myxococcales","BIrii41","Unclassified"
"Seq_1554","Seq_1554",0.0134813479713914,-0.809968881736049,"Proteobacteria","Deltaproteobacteria","Myxococcales","Haliangiaceae","Haliangium"
"Seq_1094","Seq_1094",0.0155261599139934,-0.808106473069476,"Proteobacteria","Alphaproteobacteria","Acetobacterales","Acetobacteraceae","Roseomonas"
"Seq_815","Seq_815",0.0433433254145361,-0.808007340311401,"Proteobacteria","Alphaproteobacteria","Rhizobiales","Xanthobacteraceae","Tardiphaga"
"Seq_1454","Seq_1454",0.0060563529984815,-0.806431936554059,"Proteobacteria","Deltaproteobacteria","Myxococcales","Blfdi19","Unclassified"
"Seq_1247","Seq_1247",0.00619342944489426,-0.806230645234236,"Bacteroidetes","Bacteroidia","Flavobacteriales","Flavobacteriaceae","Flavobacterium"
"Seq_490","Seq_490",0.0380277815928512,-0.805538039098125,"Bacteroidetes","Bacteroidia","Sphingobacteriales","Sphingobacteriaceae","Mucilaginibacter"
"Seq_3111","Seq_3111",0.0048214008161374,-0.802993833259898,"Proteobacteria","Alphaproteobacteria","Acetobacterales","Acetobacteraceae","Roseomonas"
"Seq_546","Seq_546",0.0733390037673217,0.799212536617303,"Proteobacteria","Deltaproteobacteria","Myxococcales","Haliangiaceae","Haliangium"
"Seq_562","Seq_562",0.0115045180364181,-0.796656572683494,"Bacteroidetes","Bacteroidia","Sphingobacteriales","Sphingobacteriaceae","Pedobacter"
"Seq_138","Seq_138",0.09908072761809,-0.796076339412753,"Bacteroidetes","Bacteroidia","Flavobacteriales","Crocinitomicaceae","Fluviicola"
"Seq_2074","Seq_2074",0.0110549779080701,0.795263945982586,"Rare","Planctomycetacia","Isosphaerales","Isosphaeraceae","Singulisphaera"
"Seq_154","Seq_154",0.149596146682445,-0.79489659532376,"Actinobacteria","Actinobacteria","Micrococcales","Microbacteriaceae","Herbiconiux"
"Seq_535","Seq_535",0.0236389698542112,-0.793291332641126,"Bacteroidetes","Bacteroidia","Flavobacteriales","Flavobacteriaceae","Flavobacterium"
"Seq_1246","Seq_1246",0.01237470642005,0.791292104576184,"Proteobacteria","Gammaproteobacteria","Betaproteobacteriales","Burkholderiaceae","Ramlibacter"
"Seq_2530","Seq_2530",0.0054988561971163,-0.790126889286605,"Bacteroidetes","Bacteroidia","Sphingobacteriales","Sphingobacteriaceae","Mucilaginibacter"
"Seq_2433","Seq_2433",0.00987359336579335,0.78913447850098,"Proteobacteria","Alphaproteobacteria","Rhodospirillales","Rhodospirillaceae","Unclassified"
"Seq_1130","Seq_1130",0.0169446804076691,0.78418137420373,"Bacteroidetes","Bacteroidia","Cytophagales","Microscillaceae","Ohtaekwangia"
"Seq_643","Seq_643",0.0149313415500934,-0.783266063308635,"Verrucomicrobia","Verrucomicrobiae","Verrucomicrobiales","Rubritaleaceae","Luteolibacter"
"Seq_88","Seq_88",0.214945495783146,-0.783075805287895,"Bacteroidetes","Bacteroidia","Flavobacteriales","Flavobacteriaceae","Flavobacterium"
"Seq_165","Seq_165",0.0687175962159383,-0.782619765871393,"Verrucomicrobia","Verrucomicrobiae","Opitutales","Opitutaceae","Unclassified"
"Seq_1378","Seq_1378",0.0210070937257657,0.781854560717696,"Proteobacteria","Alphaproteobacteria","Reyranellales","Reyranellaceae","Reyranella"
"Seq_1664","Seq_1664",0.0132635540096063,-0.781097829786184,"Proteobacteria","Gammaproteobacteria","Betaproteobacteriales","Methylophilaceae","UBA6140"
"Seq_694","Seq_694",0.0326258900549269,0.78091364874495,"Verrucomicrobia","Verrucomicrobiae","Opitutales","Opitutaceae","Lacunisphaera"
"Seq_418","Seq_418",0.049880244120123,-0.779259314521177,"Bacteroidetes","Bacteroidia","Chitinophagales","Chitinophagaceae","Chitinophaga"
"Seq_232","Seq_232",0.0178667225600661,-0.777643007009845,"Bacteroidetes","Bacteroidia","Flavobacteriales","Flavobacteriaceae","Flavobacterium"
"Seq_810","Seq_810",0.0375949076131806,0.775340177237084,"Proteobacteria","Deltaproteobacteria","Myxococcales","Sandaracinaceae","Unclassified"
"Seq_309","Seq_309",0.0325777077898585,-0.774692952083241,"Proteobacteria","Alphaproteobacteria","Rhizobiales","Devosiaceae","Arsenicitalea"
"Seq_1049","Seq_1049",0.0104171442727649,-0.773831465376305,"Verrucomicrobia","Verrucomicrobiae","Verrucomicrobiales","Verrucomicrobiaceae","Verrucomicrobium"
"Seq_1226","Seq_1226",0.024263792106544,-0.771680643711568,"Actinobacteria","Actinobacteria","Propionibacteriales","Nocardioidaceae","Aeromicrobium"
"Seq_3755","Seq_3755",0.00638706187177996,-0.771244405222853,"Actinobacteria","Actinobacteria","Streptomycetales","Streptomycetaceae","Streptomyces"
"Seq_1550","Seq_1550",0.0111134225545765,0.770970193610972,"Actinobacteria","Actinobacteria","Micromonosporales","Micromonosporaceae","Actinoplanes"
"Seq_425","Seq_425",0.043766970921869,0.770736438923612,"Proteobacteria","Gammaproteobacteria","Betaproteobacteriales","Burkholderiaceae","Duganella"
"Seq_721","Seq_721",0.0185885823438664,0.769453084370053,"Rare","Subgroup_6","Unknown_Order","Unknown_Family","Vicinamibacter"
"Seq_569","Seq_569",0.024637608578014,0.767832012106446,"Proteobacteria","Gammaproteobacteria","Oceanospirillales","Pseudohongiellaceae","BIyi10"
"Seq_880","Seq_880",0.0179134450154367,-0.765191495416468,"Bacteroidetes","Bacteroidia","Sphingobacteriales","Sphingobacteriaceae","Pedobacter"
"Seq_4516","Seq_4516",0.00408843114433286,-0.764702174891696,"Proteobacteria","Alphaproteobacteria","Puniceispirillales","Unclassified","Unclassified"
"Seq_1629","Seq_1629",0.0115080074335433,-0.76390364080152,"Verrucomicrobia","Verrucomicrobiae","Verrucomicrobiales","Verrucomicrobiaceae","Prosthecobacter"
"Seq_2100","Seq_2100",0.0145657676670403,0.763294055346695,"Rare","Acidobacteriia","Solibacterales","Solibacteraceae_(Subgroup_3)","Bryobacter"
"Seq_234","Seq_234",0.0539523164785516,0.763238805193065,"Proteobacteria","Gammaproteobacteria","Betaproteobacteriales","Burkholderiaceae","Caenimonas"
"Seq_893","Seq_893",0.0272771223943908,-0.757896862250998,"Proteobacteria","Alphaproteobacteria","Unclassified","Unclassified","Unclassified"
"Seq_389","Seq_389",0.0710285876943898,0.75775714029969,"Proteobacteria","Alphaproteobacteria","Rhizobiales","Rhizobiaceae","Allorhizobium-Neorhizobium-Pararhizobium-Rhizobium"
"Seq_942","Seq_942",0.0115280536125708,-0.756006463257327,"Actinobacteria","Actinobacteria","Streptomycetales","Streptomycetaceae","Streptomyces"
"Seq_1227","Seq_1227",0.0202997467130015,0.755733533110667,"Proteobacteria","Alphaproteobacteria","Reyranellales","Reyranellaceae","Unclassified"
"Seq_3039","Seq_3039",0.00568898181744087,-0.75553582743498,"Bacteroidetes","Bacteroidia","Cytophagales","Spirosomaceae","Dyadobacter"
"Seq_1889","Seq_1889",0.0188491294944033,-0.755272552144677,"Actinobacteria","Actinobacteria","Streptomycetales","Streptomycetaceae","Streptomyces"
"Seq_698","Seq_698",0.0282394949240676,-0.753997631374309,"Bacteroidetes","Bacteroidia","Sphingobacteriales","Sphingobacteriaceae","Mucilaginibacter"
"Seq_306","Seq_306",0.0451304964203568,-0.75137375708388,"Proteobacteria","Gammaproteobacteria","Betaproteobacteriales","Burkholderiaceae","Herminiimonas"
"Seq_739","Seq_739",0.0173002913149873,-0.751341347396048,"Verrucomicrobia","Verrucomicrobiae","Opitutales","Opitutaceae","Unclassified"
"Seq_850","Seq_850",0.0405967195544726,0.751172636494533,"Proteobacteria","Deltaproteobacteria","Myxococcales","Phaselicystidaceae","Phaselicystis"
"Seq_229","Seq_229",0.00279539548705784,-0.751091158429117,"Proteobacteria","Gammaproteobacteria","Betaproteobacteriales","Rhodocyclaceae","Uliginosibacterium"
"Seq_592","Seq_592",0.0597418649835364,-0.748469886986475,"Proteobacteria","Alphaproteobacteria","Sphingomonadales","Sphingomonadaceae","Sphingopyxis"
"Seq_1779","Seq_1779",0.00258655624579136,-0.743954762011946,"Bacteroidetes","Bacteroidia","Flavobacteriales","Flavobacteriaceae","Flavobacterium"
"Seq_511","Seq_511",0.0245394294365128,-0.743843085767502,"Proteobacteria","Alphaproteobacteria","Rhizobiales","Xanthobacteraceae","Tardiphaga"
"Seq_279","Seq_279",0.0248281318448621,-0.743800991642804,"Bacteroidetes","Bacteroidia","Flavobacteriales","Weeksellaceae","Chryseobacterium"
"Seq_1710","Seq_1710",0.00696628250085846,-0.743050588989294,"Bacteroidetes","Bacteroidia","Sphingobacteriales","Sphingobacteriaceae","Mucilaginibacter"
"Seq_1557","Seq_1557",0.0195689825280167,0.742140147562021,"Proteobacteria","Alphaproteobacteria","Rhizobiales","Rhizobiaceae","Allorhizobium-Neorhizobium-Pararhizobium-Rhizobium"
"Seq_1844","Seq_1844",0.0162282114952064,0.741482219596811,"Proteobacteria","Deltaproteobacteria","Myxococcales","Haliangiaceae","Haliangium"
"Seq_545","Seq_545",0.0790819112448257,0.740825202908609,"Bacteroidetes","Bacteroidia","Chitinophagales","Chitinophagaceae","Unclassified"
"Seq_524","Seq_524",0.0790268262976927,-0.740447048235731,"Actinobacteria","Actinobacteria","Propionibacteriales","Nocardioidaceae","Nocardioides"
"Seq_1839","Seq_1839",0.00657884009519917,-0.739384508485755,"Proteobacteria","Alphaproteobacteria","Sphingomonadales","Sphingomonadaceae","Sphingomonas"
"Seq_471","Seq_471",0.0440589150563722,-0.738651662803558,"Proteobacteria","Alphaproteobacteria","Rhizobiales","Rhizobiaceae","Phyllobacterium"
"Seq_493","Seq_493",0.0734258418762077,0.737614013469848,"Proteobacteria","Gammaproteobacteria","Xanthomonadales","Rhodanobacteraceae","Tahibacter"
"Seq_83","Seq_83",0.444036096560275,-0.737537839812322,"Bacteroidetes","Bacteroidia","Sphingobacteriales","Sphingobacteriaceae","Mucilaginibacter"
"Seq_3321","Seq_3321",0.00673175756476243,-0.736792346385416,"Proteobacteria","Gammaproteobacteria","Betaproteobacteriales","Burkholderiaceae","Rhodoferax"
"Seq_142","Seq_142",0.37163847878441,-0.734127936248611,"Actinobacteria","Actinobacteria","Streptomycetales","Streptomycetaceae","Streptomyces"
"Seq_268","Seq_268",0.170083473481077,-0.733253175535055,"Bacteroidetes","Bacteroidia","Chitinophagales","Chitinophagaceae","Filimonas"
"Seq_858","Seq_858",0.0441012151076149,0.728172318819802,"Proteobacteria","Gammaproteobacteria","Betaproteobacteriales","Burkholderiaceae","Leptothrix"
"Seq_57","Seq_57",0.0129936758378448,-0.726796915450394,"Proteobacteria","Deltaproteobacteria","Myxococcales","Polyangiaceae","Aetherobacter"
"Seq_572","Seq_572",0.0662239387866448,0.726589780380846,"Proteobacteria","Gammaproteobacteria","Betaproteobacteriales","Burkholderiaceae","Unclassified"
"Seq_3448","Seq_3448",0.00328247059477058,-0.723539740599203,"Proteobacteria","Deltaproteobacteria","Myxococcales","Phaselicystidaceae","Phaselicystis"
"Seq_915","Seq_915",0.0182317720209289,0.721204983804963,"Verrucomicrobia","Verrucomicrobiae","Chthoniobacterales","Chthoniobacteraceae","Chthoniobacter"
"Seq_413","Seq_413",0.0145563581129666,-0.720164622118998,"Proteobacteria","Gammaproteobacteria","Betaproteobacteriales","Burkholderiaceae","Polaromonas"
"Seq_2758","Seq_2758",0.0100849845288139,-0.719393914597599,"Proteobacteria","Gammaproteobacteria","Legionellales","Legionellaceae","Legionella"
"Seq_3093","Seq_3093",0.0037024131998937,-0.71937910919304,"Actinobacteria","Actinobacteria","Micrococcales","Microbacteriaceae","Frondihabitans"
"Seq_231","Seq_231",0.217795056407767,0.718743591620769,"Proteobacteria","Deltaproteobacteria","Myxococcales","Sandaracinaceae","Unclassified"
"Seq_711","Seq_711",0.0554522691837358,0.716977728871443,"Proteobacteria","Gammaproteobacteria","Betaproteobacteriales","Unclassified","Unclassified"
"Seq_316","Seq_316",0.0449425232229507,-0.716698957518859,"Actinobacteria","Actinobacteria","Kineosporiales","Kineosporiaceae","Kineosporia"
"Seq_1825","Seq_1825",0.0112545663079387,-0.715294548432608,"Proteobacteria","Alphaproteobacteria","Acetobacterales","Acetobacteraceae","Roseomonas"
"Seq_923","Seq_923",0.00664860445694858,-0.713971034974183,"Proteobacteria","Deltaproteobacteria","Bdellovibrionales","Bacteriovoracaceae","Bacteriovorax"
"Seq_1880","Seq_1880",0.00403193823346836,-0.713847381450884,"Bacteroidetes","Bacteroidia","Flavobacteriales","Weeksellaceae","Chryseobacterium"
"Seq_184","Seq_184",0.00402330411615687,-0.713560857624504,"Proteobacteria","Alphaproteobacteria","Sphingomonadales","Sphingomonadaceae","Unclassified"
"Seq_911","Seq_911",0.0359044306953627,0.713115915254804,"Proteobacteria","Deltaproteobacteria","Myxococcales","BIrii41","Unclassified"
"Seq_145","Seq_145",0.119950860370638,0.713076796520582,"Proteobacteria","Alphaproteobacteria","Caulobacterales","Caulobacteraceae","Caulobacter"
"Seq_102","Seq_102",0.287560969944001,-0.712271393885202,"Proteobacteria","Alphaproteobacteria","Rhizobiales","Rhizobiaceae","Allorhizobium-Neorhizobium-Pararhizobium-Rhizobium"
"Seq_405","Seq_405",0.108276933677354,0.712102651137502,"Proteobacteria","Alphaproteobacteria","Caulobacterales","Hyphomonadaceae","Hirschia"
"Seq_2320","Seq_2320",0.00747231257013872,-0.711834359675289,"Bacteroidetes","Bacteroidia","Flavobacteriales","Flavobacteriaceae","Flavobacterium"
"Seq_2336","Seq_2336",0.00366033883490012,-0.711778419630866,"Bacteroidetes","Bacteroidia","Flavobacteriales","Flavobacteriaceae","Flavobacterium"
"Seq_534","Seq_534",0.0332086013373214,-0.710709205851334,"Proteobacteria","Alphaproteobacteria","Sphingomonadales","Sphingomonadaceae","Sphingomonas"
"Seq_768","Seq_768",0.0359183379532141,0.71050859143252,"Actinobacteria","Actinobacteria","Propionibacteriales","Nocardioidaceae","Aeromicrobium"
"Seq_224","Seq_224",0.170292387549684,0.707826937703936,"Actinobacteria","Actinobacteria","Micromonosporales","Micromonosporaceae","Actinoplanes"
"Seq_41","Seq_41",1.00140617457821,0.707234624555335,"Proteobacteria","Gammaproteobacteria","Betaproteobacteriales","Burkholderiaceae","Achromobacter"
"Seq_1000","Seq_1000",0.011304982891046,0.707218979960934,"Proteobacteria","Alphaproteobacteria","Rhizobiales","Xanthobacteraceae","Unclassified"
"Seq_1848","Seq_1848",0.00783948497752645,-0.706565074448639,"Verrucomicrobia","Verrucomicrobiae","Verrucomicrobiales","Verrucomicrobiaceae","Unclassified"
"Seq_539","Seq_539",0.00377347708953263,-0.706108645873541,"Bacteroidetes","Bacteroidia","Cytophagales","Spirosomaceae","Arcicella"
"Seq_1948","Seq_1948",0.016595812300231,-0.705169142717309,"Actinobacteria","Actinobacteria","Streptomycetales","Streptomycetaceae","Streptomyces"
"Seq_5600","Seq_5600",0.00297704878638651,-0.704516091889806,"Proteobacteria","Gammaproteobacteria","Xanthomonadales","Rhodanobacteraceae","Chiayiivirga"
"Seq_1715","Seq_1715",0.0140211167715139,-0.704462571133493,"Bacteroidetes","Bacteroidia","Cytophagales","Spirosomaceae","Dyadobacter"
"Seq_366","Seq_366",0.0128429444192433,-0.701629460773305,"Bacteroidetes","Bacteroidia","Cytophagales","Microscillaceae","Unclassified"
"Seq_211","Seq_211",0.0348086959253299,-0.701602546625239,"Bacteroidetes","Bacteroidia","Sphingobacteriales","env.OPS_17","Unclassified"
"Seq_2075","Seq_2075",0.0154050515720398,-0.700785609441708,"Actinobacteria","Actinobacteria","Streptomycetales","Streptomycetaceae","Streptacidiphilus"
"Seq_553","Seq_553",0.0423598655155579,-0.700558159643676,"Bacteroidetes","Bacteroidia","Sphingobacteriales","Sphingobacteriaceae","Mucilaginibacter"
"Seq_2659","Seq_2659",0.00876343347633396,-0.697626012752197,"Rare","Acidobacteriia","Acidobacteriales","Acidobacteriaceae_(Subgroup_1)","Terriglobus"
"Seq_566","Seq_566",0.0359966433987726,-0.696981179239722,"Proteobacteria","Alphaproteobacteria","Rhizobiales","Devosiaceae","Unclassified"
"Seq_516","Seq_516",0.0494454173873207,-0.695202235831465,"Actinobacteria","Actinobacteria","Corynebacteriales","Mycobacteriaceae","Mycobacterium"
"Seq_4939","Seq_4939",0.00396343527724917,-0.693957531676369,"Proteobacteria","Deltaproteobacteria","Myxococcales","Unclassified","Unclassified"
"Seq_219","Seq_219",0.231655150308609,0.692324021485277,"Proteobacteria","Deltaproteobacteria","Myxococcales","BIrii41","Unclassified"
"Seq_1722","Seq_1722",0.012094746404786,-0.692270568445911,"Proteobacteria","Alphaproteobacteria","Sphingomonadales","Sphingomonadaceae","Unclassified"
"Seq_1322","Seq_1322",0.0174433956787483,0.69184804644001,"Proteobacteria","Deltaproteobacteria","Myxococcales","Sandaracinaceae","Unclassified"
"Seq_509","Seq_509",0.0408043699566752,0.689852585098242,"Proteobacteria","Alphaproteobacteria","Rhizobiales","Xanthobacteraceae","Unclassified"
"Seq_4985","Seq_4985",0.002042944955294,-0.68877523193789,"Proteobacteria","Gammaproteobacteria","Gammaproteobacteria_Incertae_Sedis","Unknown_Family","Candidatus_Berkiella"
"Seq_1248","Seq_1248",0.0267825434639193,0.688332707811794,"Proteobacteria","Gammaproteobacteria","R7C24","Unclassified","Unclassified"
"Seq_1860","Seq_1860",0.0117331250501712,-0.688262845776139,"Actinobacteria","Actinobacteria","Micromonosporales","Micromonosporaceae","Micromonospora"
"Seq_606","Seq_606",0.00596163384681742,-0.687941469486,"Bacteroidetes","Bacteroidia","Flavobacteriales","Flavobacteriaceae","Flavobacterium"
"Seq_492","Seq_492",0.0189403252905815,0.686597730931268,"Verrucomicrobia","Verrucomicrobiae","Opitutales","Opitutaceae","Opitutus"
"Seq_1491","Seq_1491",0.0227894613549258,0.68611472053696,"Proteobacteria","Alphaproteobacteria","Dongiales","Dongiaceae","Dongia"
"Seq_122","Seq_122",0.0308785579507655,-0.684648313441418,"Actinobacteria","Actinobacteria","Micrococcales","Micrococcaceae","Pseudarthrobacter"
"Seq_1973","Seq_1973",0.0146161348687748,0.684610740103387,"Proteobacteria","Deltaproteobacteria","Myxococcales","Haliangiaceae","Haliangium"
"Seq_1422","Seq_1422",0.00414635698068872,-0.684324718957926,"Bacteroidetes","Bacteroidia","Chitinophagales","Chitinophagaceae","Unclassified"
"Seq_440","Seq_440",0.0645134699660854,0.683601551038391,"Proteobacteria","Deltaproteobacteria","Myxococcales","BIrii41","Unclassified"
"Seq_621","Seq_621",0.0693238293995559,-0.679592042736732,"Actinobacteria","Actinobacteria","Streptosporangiales","Thermomonosporaceae","Actinomadura"
"Seq_1207","Seq_1207",0.0288153721794265,0.679189965960206,"Bacteroidetes","Bacteroidia","Cytophagales","Microscillaceae","Unclassified"
"Seq_2118","Seq_2118",0.00594476592722475,-0.674639894895542,"Bacteroidetes","Bacteroidia","Cytophagales","Spirosomaceae","Dyadobacter"
"Seq_755","Seq_755",0.00353465617951424,-0.673629897036294,"Proteobacteria","Deltaproteobacteria","Bdellovibrionales","Bdellovibrionaceae","Bdellovibrio"
"Seq_275","Seq_275",0.0204106746258958,-0.673444205712,"Bacteroidetes","Bacteroidia","Flavobacteriales","Flavobacteriaceae","Flavobacterium"
"Seq_1501","Seq_1501",0.00515678816123186,-0.671488480857628,"Proteobacteria","Deltaproteobacteria","Bdellovibrionales","Bacteriovoracaceae","Bacteriovorax"
"Seq_956","Seq_956",0.0291113356588423,-0.671438712696898,"Proteobacteria","Deltaproteobacteria","Myxococcales","Haliangiaceae","Haliangium"
"Seq_4745","Seq_4745",0.00260715640275306,-0.671289599708499,"Bacteroidetes","Bacteroidia","Chitinophagales","Chitinophagaceae","Chitinophaga"
"Seq_1048","Seq_1048",0.0394939878986296,-0.671088688041247,"Actinobacteria","Actinobacteria","Corynebacteriales","Nocardiaceae","Rhodococcus"
"Seq_1670","Seq_1670",0.0150575855872404,-0.66864386476592,"Proteobacteria","Alphaproteobacteria","Acetobacterales","Acetobacteraceae","Roseomonas"
"Seq_1896","Seq_1896",0.00547480378412967,-0.666751526719803,"Actinobacteria","Actinobacteria","Streptomycetales","Streptomycetaceae","Streptomyces"
"Seq_1527","Seq_1527",0.00403101294204271,-0.666581606896262,"Bacteroidetes","Bacteroidia","Flavobacteriales","Weeksellaceae","Chryseobacterium"
"Seq_273","Seq_273",0.138003884032588,-0.664936475449674,"Actinobacteria","Actinobacteria","Propionibacteriales","Nocardioidaceae","Aeromicrobium"
"Seq_2399","Seq_2399",0.0121216671595786,0.664622852678316,"Proteobacteria","Deltaproteobacteria","Bdellovibrionales","Bdellovibrionaceae","OM27_clade"
"Seq_2912","Seq_2912",0.00871889369488188,-0.664288444786538,"Actinobacteria","Actinobacteria","Propionibacteriales","Nocardioidaceae","Aeromicrobium"
"Seq_4305","Seq_4305",0.00154683717029015,-0.662302415984127,"Bacteroidetes","Bacteroidia","Chitinophagales","Chitinophagaceae","Taibaiella"
"Seq_2023","Seq_2023",0.018015374884821,-0.66172422517903,"Proteobacteria","Gammaproteobacteria","Xanthomonadales","Xanthomonadaceae","Stenotrophomonas"
"Seq_2","Seq_2",1.70492824686142,-0.660556398074549,"Proteobacteria","Gammaproteobacteria","Pseudomonadales","Pseudomonadaceae","Pseudomonas"
"Seq_764","Seq_764",0.0135418521264639,-0.660445573271683,"Proteobacteria","Deltaproteobacteria","Bdellovibrionales","Bacteriovoracaceae","Bacteriovorax"
"Seq_246","Seq_246",0.0743943990176656,0.659942855586102,"Proteobacteria","Gammaproteobacteria","Xanthomonadales","Xanthomonadaceae","Stenotrophomonas"
"Seq_6348","Seq_6348",0.00111157676944607,-0.658116048027716,"Bacteroidetes","Bacteroidia","Chitinophagales","Chitinophagaceae","Taibaiella"
"Seq_862","Seq_862",0.0360456796016388,0.656597933249081,"Actinobacteria","Actinobacteria","Micrococcales","Microbacteriaceae","Agromyces"
"Seq_2843","Seq_2843",0.00340294114763915,-0.65501145899556,"Verrucomicrobia","Verrucomicrobiae","Verrucomicrobiales","Verrucomicrobiaceae","Roseimicrobium"
"Seq_6826","Seq_6826",0.00179091898823503,-0.654876002790066,"Proteobacteria","Deltaproteobacteria","Myxococcales","Sandaracinaceae","Sandaracinus"
"Seq_2078","Seq_2078",0.00390976484247786,-0.653596757629207,"Proteobacteria","Gammaproteobacteria","Betaproteobacteriales","Burkholderiaceae","Aquabacterium"
"Seq_3753","Seq_3753",0.00533797719295039,-0.652993573041952,"Proteobacteria","Alphaproteobacteria","Rhizobiales","Rhizobiaceae","Aminobacter"
"Seq_159","Seq_159",0.128802102227167,-0.652667028536418,"Proteobacteria","Gammaproteobacteria","Xanthomonadales","Xanthomonadaceae","Pseudoxanthomonas"
"Seq_1442","Seq_1442",0.00739033720512317,-0.652415784821903,"Bacteroidetes","Bacteroidia","Sphingobacteriales","Sphingobacteriaceae","Pedobacter"
"Seq_2046","Seq_2046",0.00973741707873443,-0.651310570599153,"Proteobacteria","Alphaproteobacteria","Reyranellales","Reyranellaceae","Reyranella"
"Seq_709","Seq_709",0.0524491845235339,-0.650127661010063,"Actinobacteria","Actinobacteria","Corynebacteriales","Nocardiaceae","Rhodococcus"
"Seq_244","Seq_244",0.128407705554641,0.649788804139265,"Proteobacteria","Gammaproteobacteria","Betaproteobacteriales","Burkholderiaceae","Ramlibacter"
"Seq_1387","Seq_1387",0.0231898983525092,-0.648766386372636,"Actinobacteria","Actinobacteria","Propionibacteriales","Nocardioidaceae","Aeromicrobium"
"Seq_1172","Seq_1172",0.0117859553013382,-0.647994622067122,"Proteobacteria","Gammaproteobacteria","Betaproteobacteriales","Burkholderiaceae","Hydrogenophaga"
"Seq_931","Seq_931",0.0132003223230261,-0.646519624296744,"Proteobacteria","Alphaproteobacteria","Sphingomonadales","Sphingomonadaceae","Unclassified"
"Seq_796","Seq_796",0.00192077070242268,-0.646484597497093,"Verrucomicrobia","Verrucomicrobiae","Verrucomicrobiales","Verrucomicrobiaceae","Verrucomicrobium"
"Seq_1114","Seq_1114",0.00409333399145584,-0.646431880168354,"Verrucomicrobia","Verrucomicrobiae","Verrucomicrobiales","Verrucomicrobiaceae","Unclassified"
"Seq_317","Seq_317",0.0321761231935063,-0.646217190034248,"Proteobacteria","Deltaproteobacteria","Bdellovibrionales","Bdellovibrionaceae","Bdellovibrio"
"Seq_4334","Seq_4334",0.00210041874218159,-0.645727023864628,"Proteobacteria","Alphaproteobacteria","Sphingomonadales","Sphingomonadaceae","Sphingomonas"
"Seq_556","Seq_556",0.078627303010753,0.645492930372137,"Proteobacteria","Gammaproteobacteria","Oceanospirillales","SS1-B-06-26","Unclassified"
"Seq_1028","Seq_1028",0.0126107780313729,-0.64331685320113,"Proteobacteria","Deltaproteobacteria","Bdellovibrionales","Bacteriovoracaceae","Bacteriovorax"
"Seq_1104","Seq_1104",0.00253443368231179,-0.6431906139725,"Proteobacteria","Gammaproteobacteria","Xanthomonadales","Xanthomonadaceae","Thermomonas"
"Seq_2079","Seq_2079",0.0169301231663195,-0.642925367914746,"Verrucomicrobia","Verrucomicrobiae","Verrucomicrobiales","Rubritaleaceae","Luteolibacter"
"Seq_2690","Seq_2690",0.00807874382379796,-0.642871381896435,"Actinobacteria","Actinobacteria","Streptomycetales","Streptomycetaceae","Streptomyces"
"Seq_439","Seq_439",0.0535149266614769,-0.642554784803556,"Proteobacteria","Gammaproteobacteria","Xanthomonadales","Xanthomonadaceae","Luteimonas"
"Seq_2048","Seq_2048",0.00229570230962119,-0.641606442140812,"Proteobacteria","Gammaproteobacteria","Enterobacteriales","Enterobacteriaceae","Unclassified"
"Seq_1930","Seq_1930",0.0174891331128251,0.639680611719908,"Verrucomicrobia","Verrucomicrobiae","Opitutales","Opitutaceae","Opitutus"
"Seq_1123","Seq_1123",0.0154762347231726,0.638699696731305,"Proteobacteria","Alphaproteobacteria","Rhizobiales","Rhodomicrobiaceae","Rhodomicrobium"
"Seq_1775","Seq_1775",0.00976419523720587,-0.637684321789261,"Proteobacteria","Alphaproteobacteria","Rhizobiales","Beijerinckiaceae","Methylobacterium"
"Seq_4474","Seq_4474",0.00254287701281734,-0.637586518081614,"Bacteroidetes","Bacteroidia","Chitinophagales","Chitinophagaceae","Chitinophaga"
"Seq_527","Seq_527",0.00502933642974187,-0.635860799491227,"Bacteroidetes","Bacteroidia","Sphingobacteriales","Sphingobacteriaceae","Pedobacter"
"Seq_1702","Seq_1702",0.00266193858537622,-0.635508797068823,"Proteobacteria","Gammaproteobacteria","Betaproteobacteriales","Burkholderiaceae","Janthinobacterium"
"Seq_800","Seq_800",0.00539634496438079,-0.63384706619988,"Bacteroidetes","Bacteroidia","Flavobacteriales","Flavobacteriaceae","Flavobacterium"
"Seq_77","Seq_77",0.234934908220287,-0.63288239972495,"Proteobacteria","Gammaproteobacteria","Enterobacteriales","Enterobacteriaceae","Unclassified"
"Seq_2400","Seq_2400",0.0121313826714384,0.632830096582836,"Actinobacteria","Actinobacteria","Micromonosporales","Micromonosporaceae","Actinoplanes"
"Seq_5220","Seq_5220",0.00363814952455248,-0.632812293706893,"Actinobacteria","Actinobacteria","Micrococcales","Microbacteriaceae","Lysinimonas"
"Seq_61","Seq_61",0.437982309903294,-0.632805082210703,"Actinobacteria","Actinobacteria","Micrococcales","Microbacteriaceae","Galbitalea"
"Seq_1295","Seq_1295",0.00203555763757444,-0.630520670183199,"Bacteroidetes","Bacteroidia","Flavobacteriales","Flavobacteriaceae","Flavobacterium"
"Seq_1192","Seq_1192",0.007023699925853,0.629570128873821,"Rare","Blastocatellia_(Subgroup_4)","Blastocatellales","Blastocatellaceae","Aridibacter"
"Seq_663","Seq_663",0.0548293869398492,0.629426676030189,"Proteobacteria","Gammaproteobacteria","Betaproteobacteriales","Burkholderiaceae","Leptothrix"
"Seq_754","Seq_754",0.0416343501847826,-0.62934707992388,"Actinobacteria","Actinobacteria","Streptosporangiales","Streptosporangiaceae","Nonomuraea"
"Seq_5249","Seq_5249",0.000679117685317884,-0.628119834264506,"Bacteroidetes","Bacteroidia","Chitinophagales","Chitinophagaceae","Taibaiella"
"Seq_919","Seq_919",0.0189601816506423,-0.627385015510829,"Actinobacteria","Actinobacteria","Streptomycetales","Streptomycetaceae","Streptomyces"
"Seq_5315","Seq_5315",0.0036405197915349,-0.625805957352743,"Proteobacteria","Alphaproteobacteria","Sphingomonadales","Sphingomonadaceae","Sphingomonas"
"Seq_1590","Seq_1590",0.00937137476129841,0.625406450203357,"Bacteroidetes","Bacteroidia","Chitinophagales","Chitinophagaceae","Flavitalea"
"Seq_684","Seq_684",0.0563607851211837,0.625134604021624,"Proteobacteria","Deltaproteobacteria","Myxococcales","Nannocystaceae","Nannocystis"
"Seq_5257","Seq_5257",0.00309690391353735,-0.624796628647675,"Proteobacteria","Gammaproteobacteria","R7C24","Unclassified","Unclassified"
"Seq_200","Seq_200",0.157858011869184,-0.624386706881759,"Actinobacteria","Actinobacteria","Streptomycetales","Streptomycetaceae","Streptomyces"
"Seq_1157","Seq_1157",0.00955397831165049,0.623403048275178,"Verrucomicrobia","Verrucomicrobiae","Opitutales","Opitutaceae","Opitutus"
"Seq_1790","Seq_1790",0.00723002006534189,-0.622787290750426,"Bacteroidetes","Bacteroidia","Cytophagales","Spirosomaceae","Dyadobacter"
"Seq_613","Seq_613",0.00966106155519835,-0.622502372377337,"Bacteroidetes","Bacteroidia","Sphingobacteriales","Sphingobacteriaceae","Pedobacter"
"Seq_269","Seq_269",0.0478318749468683,-0.621412765376611,"Proteobacteria","Alphaproteobacteria","Caulobacterales","Caulobacteraceae","Caulobacter"
"Seq_685","Seq_685",0.0449718440326159,-0.620450073530166,"Bacteroidetes","Bacteroidia","Sphingobacteriales","Sphingobacteriaceae","Pedobacter"
"Seq_1214","Seq_1214",0.0178801301800099,0.620003790939428,"Proteobacteria","Alphaproteobacteria","Dongiales","Dongiaceae","Dongia"
"Seq_1376","Seq_1376",0.014008131450343,0.619681448431655,"Bacteroidetes","Bacteroidia","Cytophagales","Microscillaceae","Ohtaekwangia"
"Seq_1023","Seq_1023",0.0083521124851765,-0.619589260052049,"Actinobacteria","Actinobacteria","Streptomycetales","Streptomycetaceae","Streptomyces"
"Seq_3161","Seq_3161",0.00449381586090589,-0.619250256253974,"Actinobacteria","Thermoleophilia","Solirubrobacterales","Solirubrobacteraceae","Patulibacter"
"Seq_779","Seq_779",0.0538372059920041,0.61657406186887,"Proteobacteria","Deltaproteobacteria","Myxococcales","Sandaracinaceae","Unclassified"
"Seq_2547","Seq_2547",0.00967747074276559,0.615961292425752,"Rare","Planctomycetacia","Planctomycetales","Rubinisphaeraceae","SH-PL14"
"Seq_1076","Seq_1076",0.0134614185357187,-0.615682359287651,"Bacteroidetes","Bacteroidia","Sphingobacteriales","Sphingobacteriaceae","Mucilaginibacter"
"Seq_1259","Seq_1259",0.018056483601884,0.613092959127888,"Rare","Fimbriimonadia","Fimbriimonadales","Fimbriimonadaceae","Unclassified"
"Seq_1786","Seq_1786",0.0213966459313165,-0.611967819108321,"Actinobacteria","Actinobacteria","Micromonosporales","Micromonosporaceae","Micromonospora"
"Seq_1020","Seq_1020",0.00241663367789275,-0.611595340082004,"Proteobacteria","Deltaproteobacteria","Oligoflexales","Oligoflexaceae","Oligoflexus"
"Seq_851","Seq_851",0.00402203560281895,-0.611522657325848,"Proteobacteria","Deltaproteobacteria","Bdellovibrionales","Bacteriovoracaceae","Bacteriovorax"
"Seq_664","Seq_664",0.0435164950497675,-0.610350275660563,"Proteobacteria","Alphaproteobacteria","Sphingomonadales","Sphingomonadaceae","Sphingomonas"
"Seq_507","Seq_507",0.0657180106844384,0.607131350291387,"Verrucomicrobia","Verrucomicrobiae","Verrucomicrobiales","Rubritaleaceae","Luteolibacter"
"Seq_5083","Seq_5083",0.000865580211500931,-0.605968903846164,"Actinobacteria","Actinobacteria","Micromonosporales","Micromonosporaceae","Actinoplanes"
"Seq_23","Seq_23",1.82094979637441,0.604470989291667,"Actinobacteria","Actinobacteria","Micrococcales","Promicromonosporaceae","Cellulosimicrobium"
"Seq_6131","Seq_6131",0.00215925638611573,-0.604333644935497,"Rare","Chlamydiae","Chlamydiales","Parachlamydiaceae","Neochlamydia"
"Seq_870","Seq_870",0.0336842813448322,-0.601690986284843,"Proteobacteria","Deltaproteobacteria","Myxococcales","Polyangiaceae","Pajaroellobacter"
"Seq_1057","Seq_1057",0.0277208323762493,-0.601496794741569,"Proteobacteria","Alphaproteobacteria","Sphingomonadales","Sphingomonadaceae","Sphingobium"
"Seq_589","Seq_589",0.0103104626683491,-0.600754114729424,"Proteobacteria","Gammaproteobacteria","Betaproteobacteriales","Burkholderiaceae","Massilia"
"Seq_1164","Seq_1164",0.0160870113929547,-0.600589139280622,"Actinobacteria","Actinobacteria","Corynebacteriales","Nocardiaceae","Nocardia"
"Seq_2397","Seq_2397",0.0117930039703767,0.599163717537362,"Proteobacteria","Alphaproteobacteria","Micavibrionales","Unclassified","Unclassified"
"Seq_518","Seq_518",0.0467027639203017,0.598916175392125,"Proteobacteria","Alphaproteobacteria","Rhizobiales","Devosiaceae","Unclassified"
"Seq_4821","Seq_4821",0.0021035479316261,-0.598894739729577,"Actinobacteria","Actinobacteria","Corynebacteriales","Nocardiaceae","Rhodococcus"
"Seq_456","Seq_456",0.0955874396680714,0.597371917038334,"Proteobacteria","Gammaproteobacteria","Betaproteobacteriales","Burkholderiaceae","Hydrogenophaga"
"Seq_693","Seq_693",0.00500331069788538,-0.595695851382562,"Rare","Unclassified","Unclassified","Unclassified","Unclassified"
"Seq_383","Seq_383",0.0741652930904521,-0.595069030428375,"Bacteroidetes","Bacteroidia","Chitinophagales","Chitinophagaceae","Taibaiella"
"Seq_193","Seq_193",0.0364432287327753,-0.594316681347085,"Verrucomicrobia","Verrucomicrobiae","Opitutales","Opitutaceae","Unclassified"
"Seq_1275","Seq_1275",0.0339291926786932,-0.593547087943286,"Actinobacteria","Actinobacteria","Streptomycetales","Streptomycetaceae","Unclassified"
"Seq_3707","Seq_3707",0.00595715738507294,-0.593247834454345,"Proteobacteria","Deltaproteobacteria","Myxococcales","Haliangiaceae","Haliangium"
"Seq_2064","Seq_2064",0.0101689354769164,0.592954699845468,"Actinobacteria","Actinobacteria","Micrococcales","Microbacteriaceae","Lysinimonas"
"Seq_3629","Seq_3629",0.00453620255777559,-0.590701652961184,"Proteobacteria","Deltaproteobacteria","Myxococcales","Polyangiaceae","Pajaroellobacter"
"Seq_945","Seq_945",0.0240716368718963,0.590127725210804,"Proteobacteria","Gammaproteobacteria","Xanthomonadales","Rhodanobacteraceae","Unclassified"
"Seq_381","Seq_381",0.00486961696008491,-0.589726324564325,"Bacteroidetes","Bacteroidia","Sphingobacteriales","env.OPS_17","Unclassified"
"Seq_265","Seq_265",0.00705417919356341,-0.587065167992496,"Rare","Bacilli","Bacillales","Paenibacillaceae","Paenibacillus"
"Seq_230","Seq_230",0.0101431496763113,-0.586608351090029,"Proteobacteria","Gammaproteobacteria","Cellvibrionales","Cellvibrionaceae","Cellvibrio"
"Seq_1924","Seq_1924",0.0120611974743393,0.583790802714736,"Rare","Planctomycetacia","Planctomycetales","Rubinisphaeraceae","SH-PL14"
"Seq_1151","Seq_1151",0.0107738949395253,-0.582032035440314,"Proteobacteria","Alphaproteobacteria","Sphingomonadales","Sphingomonadaceae","Sphingobium"
"Seq_479","Seq_479",0.0127312572953961,-0.581980597082711,"Proteobacteria","Gammaproteobacteria","Betaproteobacteriales","Methylophilaceae","Methylotenera"
"Seq_7256","Seq_7256",0.000804772309816851,-0.580043049155454,"Bacteroidetes","Bacteroidia","Sphingobacteriales","Sphingobacteriaceae","Mucilaginibacter"
"Seq_6247","Seq_6247",0.000989878745267738,-0.57902097613298,"Proteobacteria","Alphaproteobacteria","Rhizobiales","Xanthobacteraceae","Unclassified"
"Seq_4332","Seq_4332",0.00222331183869431,-0.57844779987415,"Actinobacteria","Actinobacteria","Propionibacteriales","Nocardioidaceae","Aeromicrobium"
"Seq_654","Seq_654",0.070879269413351,0.578091491083381,"Actinobacteria","Thermoleophilia","Solirubrobacterales","Solirubrobacteraceae","Conexibacter"
"Seq_149","Seq_149",0.00284638278040012,-0.577572772099602,"Bacteroidetes","Bacteroidia","Flavobacteriales","Crocinitomicaceae","Fluviicola"
"Seq_1419","Seq_1419",0.0139926949436381,0.577551659742594,"Proteobacteria","Alphaproteobacteria","Rhizobiales","Xanthobacteraceae","Nitrobacter"
"Seq_696","Seq_696",0.035241036259374,0.577267474792065,"Proteobacteria","Alphaproteobacteria","Sphingomonadales","Sphingomonadaceae","Sphingomonas"
"Seq_2371","Seq_2371",0.0103920563093971,0.575914767063272,"Verrucomicrobia","Verrucomicrobiae","Verrucomicrobiales","Verrucomicrobiaceae","Roseimicrobium"
"Seq_1052","Seq_1052",0.0157852147548605,0.574509389005253,"Rare","Subgroup_6","Unclassified","Unclassified","Unclassified"
"Seq_2148","Seq_2148",0.0126243955750705,0.573906760046978,"Rare","Planctomycetacia","Gemmatales","Gemmataceae","Fimbriiglobus"
"Seq_799","Seq_799",0.0371437809785752,0.573428896274923,"Proteobacteria","Gammaproteobacteria","Betaproteobacteriales","Burkholderiaceae","Rhizobacter"
"Seq_1425","Seq_1425",0.0184540191264391,-0.573406391453091,"Bacteroidetes","Bacteroidia","Chitinophagales","Chitinophagaceae","Taibaiella"
"Seq_4294","Seq_4294",0.00148524836309101,-0.571188185932262,"Actinobacteria","Actinobacteria","Streptomycetales","Streptomycetaceae","Streptomyces"
"Seq_312","Seq_312",0.131528440961171,0.569781906073606,"Actinobacteria","Actinobacteria","Micromonosporales","Micromonosporaceae","Actinoplanes"
"Seq_1458","Seq_1458",0.0149996098400908,0.568972207681018,"Rare","Anaerolineae","SBR1031","A4b","Unclassified"
"Seq_2243","Seq_2243",0.0106916942930957,0.568864052665537,"Proteobacteria","Gammaproteobacteria","Betaproteobacteriales","Burkholderiaceae","Unclassified"
"Seq_1813","Seq_1813",0.0159386747009297,0.567894828190864,"Actinobacteria","Thermoleophilia","Solirubrobacterales","Solirubrobacteraceae","Conexibacter"
"Seq_1577","Seq_1577",0.0140417383540069,0.567842665409783,"Proteobacteria","Alphaproteobacteria","Rhizobiales","Rhizobiales_Incertae_Sedis","Nordella"
"Seq_237","Seq_237",0.0315473165498931,-0.56543024192613,"Bacteroidetes","Bacteroidia","Flavobacteriales","Flavobacteriaceae","Flavobacterium"
"Seq_2251","Seq_2251",0.00600026938472069,-0.563840378235375,"Proteobacteria","Alphaproteobacteria","Sphingomonadales","Sphingomonadaceae","Sphingomonas"
"Seq_1124","Seq_1124",0.00937393915927235,-0.562937920129857,"Proteobacteria","Gammaproteobacteria","Oceanospirillales","Pseudohongiellaceae","BIyi10"
"Seq_99","Seq_99",0.171965446948726,0.562253256224903,"Proteobacteria","Alphaproteobacteria","Rhizobiales","Xanthobacteraceae","Bradyrhizobium"
"Seq_6786","Seq_6786",0.00124794202707575,-0.562208946514932,"Verrucomicrobia","Verrucomicrobiae","Chthoniobacterales","Terrimicrobiaceae","Terrimicrobium"
"Seq_822","Seq_822",0.0280367248502482,0.561970734396735,"Proteobacteria","Gammaproteobacteria","Pseudomonadales","Moraxellaceae","Unclassified"
"Seq_552","Seq_552",0.00429894225773117,-0.561962993812675,"Verrucomicrobia","Verrucomicrobiae","Verrucomicrobiales","Rubritaleaceae","Luteolibacter"
"Seq_1035","Seq_1035",0.00608490896198685,0.561402074467082,"Proteobacteria","Alphaproteobacteria","Sphingomonadales","Sphingomonadaceae","Sphingomonas"
"Seq_1600","Seq_1600",0.0198936156589437,0.560543557012561,"Actinobacteria","Actinobacteria","Kineosporiales","Kineosporiaceae","Kineosporia"
"Seq_1493","Seq_1493",0.00410158924472589,-0.557109554320042,"Proteobacteria","Alphaproteobacteria","Rhizobiales","Devosiaceae","Unclassified"
"Seq_441","Seq_441",0.0711598825979496,-0.556417217922833,"Actinobacteria","Actinobacteria","Corynebacteriales","Mycobacteriaceae","Mycobacterium"
"Seq_2947","Seq_2947",0.00920247582770974,-0.556168796893426,"Proteobacteria","Alphaproteobacteria","Sphingomonadales","Sphingomonadaceae","Sphingobium"
"Seq_921","Seq_921",0.0374729982718125,-0.555438571986537,"Bacteroidetes","Bacteroidia","Cytophagales","Microscillaceae","Ohtaekwangia"
"Seq_1215","Seq_1215",0.0368604179710391,-0.553845254837861,"Bacteroidetes","Bacteroidia","Cytophagales","Microscillaceae","Unclassified"
"Seq_2169","Seq_2169",0.00770568785313964,-0.551486467877206,"Actinobacteria","Actinobacteria","Micromonosporales","Micromonosporaceae","Catellatospora"
"Seq_321","Seq_321",0.00204880106060765,-0.550807030128344,"Verrucomicrobia","Verrucomicrobiae","Verrucomicrobiales","Rubritaleaceae","Luteolibacter"
"Seq_2221","Seq_2221",0.0106127681803608,-0.550260950473851,"Proteobacteria","Deltaproteobacteria","Myxococcales","Phaselicystidaceae","Phaselicystis"
"Seq_1118","Seq_1118",0.00230007383631828,-0.548952539192505,"Bacteroidetes","Bacteroidia","Flavobacteriales","Crocinitomicaceae","Fluviicola"
"Seq_1453","Seq_1453",0.0224498190430411,0.546678701208305,"Proteobacteria","Alphaproteobacteria","Dongiales","Dongiaceae","Dongia"
"Seq_2795","Seq_2795",0.00758416347987601,0.545817270699193,"Proteobacteria","Alphaproteobacteria","Rhizobiales","Rhizobiales_Incertae_Sedis","Bauldia"
"Seq_485","Seq_485",0.0450068523137266,0.545325876649459,"Proteobacteria","Alphaproteobacteria","Rhizobiales","Rhizobiaceae","Ochrobactrum"
"Seq_2372","Seq_2372",0.00845426805471555,0.543626786463505,"Verrucomicrobia","Verrucomicrobiae","Chthoniobacterales","01D2Z36","Unclassified"
"Seq_1108","Seq_1108",0.00111332243897553,-0.543342524319424,"Bacteroidetes","Bacteroidia","Cytophagales","Cytophagaceae","Cytophaga"
"Seq_578","Seq_578",0.0289011995251756,-0.542496957848666,"Proteobacteria","Alphaproteobacteria","Rhizobiales","Rhizobiaceae","Allorhizobium-Neorhizobium-Pararhizobium-Rhizobium"
"Seq_677","Seq_677",0.0211632515863972,0.54248233165742,"Actinobacteria","Actinobacteria","Micromonosporales","Micromonosporaceae","Dactylosporangium"
"Seq_1809","Seq_1809",0.0168124624091466,0.541999749791868,"Rare","Planctomycetacia","Gemmatales","Gemmataceae","Fimbriiglobus"
"Seq_3062","Seq_3062",0.00409075641206673,-0.541802403613312,"Proteobacteria","Gammaproteobacteria","Xanthomonadales","Xanthomonadaceae","Stenotrophomonas"
"Seq_337","Seq_337",0.131593519954812,0.541710922718589,"Proteobacteria","Deltaproteobacteria","Myxococcales","Sandaracinaceae","Unclassified"
"Seq_2718","Seq_2718",0.00794996740086828,-0.5394473533056,"Proteobacteria","Alphaproteobacteria","Sphingomonadales","Sphingomonadaceae","Sphingobium"
"Seq_3133","Seq_3133",0.00639396643160134,0.532274315660799,"Proteobacteria","Alphaproteobacteria","Rhodospirillales","Unclassified","Unclassified"
"Seq_334","Seq_334",0.019791962198821,0.531359720294801,"Proteobacteria","Gammaproteobacteria","Xanthomonadales","Xanthomonadaceae","Arenimonas"
"Seq_86","Seq_86",0.166844578648366,-0.530909202560256,"Bacteroidetes","Bacteroidia","Sphingobacteriales","Sphingobacteriaceae","Pedobacter"
"Seq_2431","Seq_2431",0.0107264386901233,0.52904859248884,"Actinobacteria","Acidimicrobiia","Microtrichales","Iamiaceae","Iamia"
"Seq_1824","Seq_1824",0.0160985245597752,0.528638050159741,"Actinobacteria","Actinobacteria","Micromonosporales","Micromonosporaceae","Actinoplanes"
"Seq_3082","Seq_3082",0.00827050590024837,0.527710679804303,"Proteobacteria","Gammaproteobacteria","PLTA13","Unclassified","Unclassified"
"Seq_2065","Seq_2065",0.0101779090010918,0.525150453095359,"Proteobacteria","Alphaproteobacteria","Rhizobiales","Rhizobiaceae","Mesorhizobium"
"Seq_2173","Seq_2173",0.0113616774686022,0.524819664327816,"Proteobacteria","Alphaproteobacteria","Rhizobiales","Xanthobacteraceae","Afipia"
"Seq_2796","Seq_2796",0.0115938374152428,0.51862872749949,"Proteobacteria","Gammaproteobacteria","Xanthomonadales","Xanthomonadaceae","Arenimonas"
"Seq_2641","Seq_2641",0.0076941241230923,0.516808432211846,"Rare","OM190","Unclassified","Unclassified","Unclassified"
"Seq_3668","Seq_3668",0.00584385552219856,0.516652979391385,"Proteobacteria","Alphaproteobacteria","Rhodospirillales","Rhodospirillaceae","Unclassified"
"Seq_179","Seq_179",0.0534262693687182,-0.515309790618657,"Proteobacteria","Alphaproteobacteria","Caulobacterales","Caulobacteraceae","Brevundimonas"
"Seq_1719","Seq_1719",0.0124823227984177,0.514971922348837,"Rare","Chloroflexia","Chloroflexales","Roseiflexaceae","Unclassified"
"Seq_178","Seq_178",0.259865372508301,0.514245718228314,"Proteobacteria","Alphaproteobacteria","Rhizobiales","Xanthobacteraceae","Rhodopseudomonas"
"Seq_115","Seq_115",0.150661459012399,-0.513939782853386,"Proteobacteria","Gammaproteobacteria","Betaproteobacteriales","Burkholderiaceae","Oxalicibacterium"
"Seq_250","Seq_250",0.07364958922975,0.511414036551237,"Proteobacteria","Deltaproteobacteria","Myxococcales","Archangiaceae","Archangium"
"Seq_466","Seq_466",0.0716641312358412,0.509449199339731,"Actinobacteria","Actinobacteria","Micromonosporales","Micromonosporaceae","Actinoplanes"
"Seq_1542","Seq_1542",0.0156910937865287,0.508539878821834,"Verrucomicrobia","Verrucomicrobiae","Verrucomicrobiales","Verrucomicrobiaceae","Roseimicrobium"
"Seq_433","Seq_433",0.0221196085783747,0.506633345900888,"Actinobacteria","Actinobacteria","Corynebacteriales","Mycobacteriaceae","Mycobacterium"
"Seq_1466","Seq_1466",0.0176986491215096,0.505527677643198,"Proteobacteria","Deltaproteobacteria","Bdellovibrionales","Bdellovibrionaceae","Bdellovibrio"
"Seq_691","Seq_691",0.0151594469194639,0.502688812292526,"Actinobacteria","Thermoleophilia","Solirubrobacterales","Solirubrobacteraceae","Solirubrobacter"
"Seq_465","Seq_465",0.0586441217745895,-0.500259507908023,"Actinobacteria","Actinobacteria","Micromonosporales","Micromonosporaceae","Actinoplanes"
"Seq_720","Seq_720",0.0115226202404519,0.495068570971509,"Proteobacteria","Alphaproteobacteria","Rhizobiales","Hyphomicrobiaceae","Hyphomicrobium"
"Seq_2240","Seq_2240",0.0126547633392743,0.491741882605729,"Rare","Planctomycetacia","Pirellulales","Pirellulaceae","Pir4_lineage"
"Seq_1978","Seq_1978",0.0131502129618237,0.49135151824217,"Rare","Chloroflexia","Thermomicrobiales","JG30-KF-CM45","Unclassified"
"Seq_3173","Seq_3173",0.00778476011364466,0.491122597535983,"Proteobacteria","Alphaproteobacteria","Sneathiellales","Sneathiellaceae","Unclassified"
"Seq_1183","Seq_1183",0.00824085021041749,-0.485879171025412,"Rare","Bacilli","Bacillales","Bacillaceae","Unclassified"
"Seq_2076","Seq_2076",0.00869858499257543,0.485825266445849,"Rare","Planctomycetacia","Gemmatales","Gemmataceae","Gemmata"
"Seq_951","Seq_951",0.021269274022163,0.485758354335219,"Bacteroidetes","Bacteroidia","Sphingobacteriales","env.OPS_17","Unclassified"
"Seq_75","Seq_75",0.302085226807502,-0.482123861819674,"Verrucomicrobia","Verrucomicrobiae","Verrucomicrobiales","Rubritaleaceae","Luteolibacter"
"Seq_399","Seq_399",0.0697096904624609,-0.47629396917233,"Proteobacteria","Alphaproteobacteria","Rhizobiales","Rhizobiaceae","Allorhizobium-Neorhizobium-Pararhizobium-Rhizobium"
"Seq_397","Seq_397",0.0586820779192957,-0.472757403726838,"Proteobacteria","Gammaproteobacteria","Betaproteobacteriales","Burkholderiaceae","Unclassified"
"Seq_1324","Seq_1324",0.0126620731693862,0.467998882292914,"Rare","Planctomycetacia","Planctomycetales","Rubinisphaeraceae","SH-PL14"
"Seq_76","Seq_76",0.516849383739291,0.460538892433652,"Bacteroidetes","Bacteroidia","Cytophagales","Microscillaceae","Unclassified"
"Seq_541","Seq_541",0.0383059750349717,-0.451410096393079,"Actinobacteria","Actinobacteria","Micrococcales","Microbacteriaceae","Unclassified"
"Seq_180","Seq_180",0.237449371062189,-0.451301196261629,"Actinobacteria","Actinobacteria","Pseudonocardiales","Pseudonocardiaceae","Actinophytocola"
"Seq_132","Seq_132",0.0769551586677454,-0.447258429513799,"Proteobacteria","Gammaproteobacteria","Betaproteobacteriales","Burkholderiaceae","Unclassified"
