Sample name,Workshop,Season,Run,Type,Sample type,Field (German),Field,Replicate,Control,Weight extracted (g),Extr. Date,Elution volume (ml),Dilution,Conc. (ng/ul),ng DNA,ng DNA g-1,260/280 [nm],260/230 [nm],Nanodrop Conc. (ng/ul),PCR products_16S_send for seq,Gene,Read1_file
GK1,1,Winter,1,Teabag,Green tea,Kolluvisol,Luvisol,1,FALSE,0.26,18.4.2018,100,1,101,10120,39686.2,1.87,2,173,25.4.2018; 26.4.2018; 27.4.2018,16S,Eva1-GK1_S183_L001_R1_001.fastq.gz
GK1,1,Winter,2,Teabag,Green tea,Kolluvisol,Luvisol,1,FALSE,0.26,18.4.2018,100,1,101,10120,39686.2,1.87,2,173,25.4.2018; 26.4.2018; 27.4.2018,16S,Re-Eva1-GK1_S1_L001_R1_001.fastq.gz
GK2,1,Winter,1,Teabag,Green tea,Kolluvisol,Luvisol,2,FALSE,0.26,18.4.2018,100,1,110,11035.2,42772,1.87,1.78,177,27.4.2018; 2.5.2018; 3.5.2018,16S,Eva9-GK2_S191_L001_R1_001.fastq.gz
GK2,1,Winter,2,Teabag,Green tea,Kolluvisol,Luvisol,2,FALSE,0.26,18.4.2018,100,1,110,11035.2,42772,1.87,1.78,177,27.4.2018; 2.5.2018; 3.5.2018,16S,Re-Eva9-GK2_S9_L001_R1_001.fastq.gz
GK3,1,Winter,1,Teabag,Green tea,Kolluvisol,Luvisol,3,FALSE,0.24,18.4.2018,100,1,97,9652.4,39559.2,1.83,1.64,149,26.4.2018; 27.4.2018; 3.5.2018,16S,Eva17-GK3_S199_L001_R1_001.fastq.gz
GK3,1,Winter,2,Teabag,Green tea,Kolluvisol,Luvisol,3,FALSE,0.24,18.4.2018,100,1,97,9652.4,39559.2,1.83,1.64,149,26.4.2018; 27.4.2018; 3.5.2018,16S,Re-Eva17-GK3_S17_L001_R1_001.fastq.gz
GK4,1,Winter,1,Teabag,Green tea,Kolluvisol,Luvisol,4,FALSE,0.25,18.4.2018,100,1,102,10159.8,40639.1,1.86,1.84,172,27.4.2018; 2.5.2018; 3.5.2018,16S,Eva25-GK4_S207_L001_R1_001.fastq.gz
GK4,1,Winter,2,Teabag,Green tea,Kolluvisol,Luvisol,4,FALSE,0.25,18.4.2018,100,1,102,10159.8,40639.1,1.86,1.84,172,27.4.2018; 2.5.2018; 3.5.2018,16S,Re-Eva25-GK4_S25_L001_R1_001.fastq.gz
RK1,1,Winter,1,Teabag,Rooibos,Kolluvisol,Luvisol,1,FALSE,0.26,18.4.2018,100,1,24,2416.4,9476,1.69,0.91,56,2.5.2018; 3.5.2018,16S,Eva2-RK1_S184_L001_R1_001.fastq.gz
RK1,1,Winter,2,Teabag,Rooibos,Kolluvisol,Luvisol,1,FALSE,0.26,18.4.2018,100,1,24,2416.4,9476,1.69,0.91,56,2.5.2018; 3.5.2018,16S,Re-Eva2-RK1_S2_L001_R1_001.fastq.gz
RK2,1,Winter,1,Teabag,Rooibos,Kolluvisol,Luvisol,2,FALSE,0.26,18.4.2018,100,1,28,2764.5,10471.7,1.77,1.14,49,26.4.2018; 27.4.2018; 3.5.2018,16S,Eva10-RK2_S192_L001_R1_001.fastq.gz
RK2,1,Winter,2,Teabag,Rooibos,Kolluvisol,Luvisol,2,FALSE,0.26,18.4.2018,100,1,28,2764.5,10471.7,1.77,1.14,49,26.4.2018; 27.4.2018; 3.5.2018,16S,Re-Eva10-RK2_S10_L001_R1_001.fastq.gz
RK3,1,Winter,1,Teabag,Rooibos,Kolluvisol,Luvisol,3,FALSE,0.25,18.4.2018,100,1,16,2416.4,9665.5,1.58,0.69,36,2.5.2018; 3.5.2018,16S,Eva18-RK3_S200_L001_R1_001.fastq.gz
RK3,1,Winter,2,Teabag,Rooibos,Kolluvisol,Luvisol,3,FALSE,0.25,18.4.2018,100,1,16,2416.4,9665.5,1.58,0.69,36,2.5.2018; 3.5.2018,16S,Re-Eva18-RK3_S18_L001_R1_001.fastq.gz
RK4,1,Winter,1,Teabag,Rooibos,Kolluvisol,Luvisol,4,FALSE,0.25,18.4.2018,100,1,12,2764.5,11147.3,1.54,0.6,31,2.5.2018; 3.5.2018,16S,Eva26-RK4_S208_L001_R1_001.fastq.gz
RK4,1,Winter,2,Teabag,Rooibos,Kolluvisol,Luvisol,4,FALSE,0.25,18.4.2018,100,1,12,2764.5,11147.3,1.54,0.6,31,2.5.2018; 3.5.2018,16S,Re-Eva26-RK4_S26_L001_R1_001.fastq.gz
GB1,1,Winter,1,Teabag,Green tea,Braunerde,Cambisol,1,FALSE,0.25,18.4.2018,100,1,95,1585.7,6342.9,1.83,1.61,169,25.4.2018; 26.4.2018; 27.4.2018,16S,Eva3-GB1_S185_L001_R1_001.fastq.gz
GB1,1,Winter,2,Teabag,Green tea,Braunerde,Cambisol,1,FALSE,0.25,18.4.2018,100,1,95,1585.7,6342.9,1.83,1.61,169,25.4.2018; 26.4.2018; 27.4.2018,16S,Re-Eva3-GB1_S3_L001_R1_001.fastq.gz
GB2,1,Winter,1,Teabag,Green tea,Braunerde,Cambisol,2,FALSE,0.25,18.4.2018,100,1,102,1153,4706.1,1.82,1.73,149,27.4.2018; 3.5.2018,16S,Eva11-GB2_S193_L001_R1_001.fastq.gz
GB2,1,Winter,2,Teabag,Green tea,Braunerde,Cambisol,2,FALSE,0.25,18.4.2018,100,1,102,1153,4706.1,1.82,1.73,149,27.4.2018; 3.5.2018,16S,Re-Eva11-GB2_S11_L001_R1_001.fastq.gz
GB3,1,Winter,1,Teabag,Green tea,Braunerde,Cambisol,3,FALSE,0.24,18.4.2018,100,1,111,1153,4764.5,1.87,2.01,182,27.4.2018; 2.5.2018; 3.5.2018,16S,Eva19-GB3_S201_L001_R1_001.fastq.gz
GB3,1,Winter,2,Teabag,Green tea,Braunerde,Cambisol,3,FALSE,0.24,18.4.2018,100,1,111,1153,4764.5,1.87,2.01,182,27.4.2018; 2.5.2018; 3.5.2018,16S,Re-Eva19-GB3_S19_L001_R1_001.fastq.gz
GB4,1,Winter,1,Teabag,Green tea,Braunerde,Cambisol,4,FALSE,0.25,18.4.2018,100,1,109,9523.1,37640.8,1.86,1.92,165,27.4.2018; 3.5.2018,16S,Eva27-GB4_S209_L001_R1_001.fastq.gz
GB4,1,Winter,2,Teabag,Green tea,Braunerde,Cambisol,4,FALSE,0.25,18.4.2018,100,1,109,9523.1,37640.8,1.86,1.92,165,27.4.2018; 3.5.2018,16S,Re-Eva27-GB4_S27_L001_R1_001.fastq.gz
RB1,1,Winter,1,Teabag,Rooibos,Braunerde,Cambisol,1,FALSE,0.26,19.4.2018,100,1,24,10179.7,39152.6,1.53,0.7,54,2.5.2018; 3.5.2018,16S,Eva4-RB1_S186_L001_R1_001.fastq.gz
RB1,1,Winter,2,Teabag,Rooibos,Braunerde,Cambisol,1,FALSE,0.26,19.4.2018,100,1,24,10179.7,39152.6,1.53,0.7,54,2.5.2018; 3.5.2018,16S,Re-Eva4-RB1_S4_L001_R1_001.fastq.gz
RB2,1,Winter,1,Teabag,Rooibos,Braunerde,Cambisol,2,FALSE,0.24,19.4.2018,100,1,22,10179.7,42415.3,1.66,0.99,54,27.4.2018; 3.5.2018,16S,Eva12-RB2_S194_L001_R1_001.fastq.gz
RB2,1,Winter,2,Teabag,Rooibos,Braunerde,Cambisol,2,FALSE,0.24,19.4.2018,100,1,22,10179.7,42415.3,1.66,0.99,54,27.4.2018; 3.5.2018,16S,Re-Eva12-RB2_S12_L001_R1_001.fastq.gz
RB3,1,Winter,1,Teabag,Rooibos,Braunerde,Cambisol,3,FALSE,0.24,19.4.2018,100,1,32,11050.1,46042.1,1.67,1.02,63,2.5.2018; 3.5.2018,16S,Eva20-RB3_S202_L001_R1_001.fastq.gz
RB3,1,Winter,2,Teabag,Rooibos,Braunerde,Cambisol,3,FALSE,0.24,19.4.2018,100,1,32,11050.1,46042.1,1.67,1.02,63,2.5.2018; 3.5.2018,16S,Re-Eva20-RB3_S20_L001_R1_001.fastq.gz
RB4,1,Winter,1,Teabag,Rooibos,Braunerde,Cambisol,4,FALSE,0.26,19.4.2018,100,1,33,11050.1,42500.4,1.73,1.36,59,2.5.2018; 2.5.2018; 3.5.2018,16S,Eva28-RB4_S210_L001_R1_001.fastq.gz
RB4,1,Winter,2,Teabag,Rooibos,Braunerde,Cambisol,4,FALSE,0.26,19.4.2018,100,1,33,11050.1,42500.4,1.73,1.36,59,2.5.2018; 2.5.2018; 3.5.2018,16S,Re-Eva28-RB4_S28_L001_R1_001.fastq.gz
GA1,1,Winter,1,Teabag,Green tea,Auboden,Fluvisol,1,FALSE,0.26,19.4.2018,100,1,103,10900.9,41926.5,1.84,1.95,143,25.4.2018; 26.4.2018; 27.4.2018,16S,Eva5-GA1_S187_L001_R1_001.fastq.gz
GA1,1,Winter,2,Teabag,Green tea,Auboden,Fluvisol,1,FALSE,0.26,19.4.2018,100,1,103,10900.9,41926.5,1.84,1.95,143,25.4.2018; 26.4.2018; 27.4.2018,16S,Re-Eva5-GA1_S5_L001_R1_001.fastq.gz
GA2,1,Winter,1,Teabag,Green tea,Auboden,Fluvisol,2,FALSE,0.26,19.4.2018,100,1,89,2441.2,9389.4,1.84,1.93,134,27.4.2018; 2.5.2018; 3.5.2018,16S,Eva13-GA2_S195_L001_R1_001.fastq.gz
GA2,1,Winter,2,Teabag,Green tea,Auboden,Fluvisol,2,FALSE,0.26,19.4.2018,100,1,89,2441.2,9389.4,1.84,1.93,134,27.4.2018; 2.5.2018; 3.5.2018,16S,Re-Eva13-GA2_S13_L001_R1_001.fastq.gz
GA3,1,Winter,1,Teabag,Green tea,Auboden,Fluvisol,3,FALSE,0.25,19.4.2018,100,1,86,2441.2,9765,1.86,2.02,127,27.4.2018; 3.5.2018,16S,Eva21-GA3_S203_L001_R1_001.fastq.gz
GA3,1,Winter,2,Teabag,Green tea,Auboden,Fluvisol,3,FALSE,0.25,19.4.2018,100,1,86,2441.2,9765,1.86,2.02,127,27.4.2018; 3.5.2018,16S,Re-Eva21-GA3_S21_L001_R1_001.fastq.gz
GA4,1,Winter,1,Teabag,Green tea,Auboden,Fluvisol,4,FALSE,0.26,19.4.2018,100,1,81,2207.5,8490.3,1.85,1.95,115,26.4.2018; 27.4.2018,16S,Eva29-GA4_S211_L001_R1_001.fastq.gz
GA4,1,Winter,2,Teabag,Green tea,Auboden,Fluvisol,4,FALSE,0.26,19.4.2018,100,1,81,2207.5,8490.3,1.85,1.95,115,26.4.2018; 27.4.2018,16S,Re-Eva29-GA4_S29_L001_R1_001.fastq.gz
RA1,1,Winter,1,Teabag,Rooibos,Auboden,Fluvisol,1,FALSE,0.26,19.4.2018,100,1,33,2207.5,8490.3,1.73,1.3,59,25.4.2018; 2.5.2018; 3.5.2018,16S,Eva6-RA1_S188_L001_R1_001.fastq.gz
RA1,1,Winter,2,Teabag,Rooibos,Auboden,Fluvisol,1,FALSE,0.26,19.4.2018,100,1,33,2207.5,8490.3,1.73,1.3,59,25.4.2018; 2.5.2018; 3.5.2018,16S,Re-Eva6-RA1_S6_L001_R1_001.fastq.gz
RA2,1,Winter,1,Teabag,Rooibos,Auboden,Fluvisol,2,FALSE,0.25,19.4.2018,100,1,26,3184.8,12739.3,1.58,0.75,56,3.5.2018; 4.5.2018,16S,Eva14-RA2_S196_L001_R1_001.fastq.gz
RA2,1,Winter,2,Teabag,Rooibos,Auboden,Fluvisol,2,FALSE,0.25,19.4.2018,100,1,26,3184.8,12739.3,1.58,0.75,56,3.5.2018; 4.5.2018,16S,Re-Eva14-RA2_S14_L001_R1_001.fastq.gz
RA3,1,Winter,1,Teabag,Rooibos,Auboden,Fluvisol,3,FALSE,0.27,19.4.2018,100,1,28,3321.6,12302.3,1.68,0.98,52,2.5.2018; 3.5.2018,16S,Eva22-RA3_S204_L001_R1_001.fastq.gz
RA3,1,Winter,2,Teabag,Rooibos,Auboden,Fluvisol,3,FALSE,0.27,19.4.2018,100,1,28,3321.6,12302.3,1.68,0.98,52,2.5.2018; 3.5.2018,16S,Re-Eva22-RA3_S22_L001_R1_001.fastq.gz
RA4,1,Winter,1,Teabag,Rooibos,Auboden,Fluvisol,4,FALSE,0.25,19.4.2018,100,1,23,10299,41196.2,1.57,0.75,46,3.5.2018; 4.5.2018,16S,Eva30-RA4_S212_L001_R1_001.fastq.gz
RA4,1,Winter,2,Teabag,Rooibos,Auboden,Fluvisol,4,FALSE,0.25,19.4.2018,100,1,23,10299,41196.2,1.57,0.75,46,3.5.2018; 4.5.2018,16S,Re-Eva30-RA4_S30_L001_R1_001.fastq.gz
K1,1,Winter,1,Soil,Soil,Kolluvisol,Luvisol,1,FALSE,0.26,19.4.2018,100,1,18,8891.4,34197.8,1.57,1.55,30,25.4.2018; 26.4.2018; 27.4.2018,16S,Eva7-K1_S189_L001_R1_001.fastq.gz
K1,1,Winter,2,Soil,Soil,Kolluvisol,Luvisol,1,FALSE,0.26,19.4.2018,100,1,18,8891.4,34197.8,1.57,1.55,30,25.4.2018; 26.4.2018; 27.4.2018,16S,Re-Eva7-K1_S7_L001_R1_001.fastq.gz
B1,1,Winter,1,Soil,Soil,Braunerde,Cambisol,1,FALSE,0.26,19.4.2018,100,1,28,10299,39611.7,1.77,1.72,47,25.4.2018; 27.4.2018,16S,Eva15-B1_S197_L001_R1_001.fastq.gz
B1,1,Winter,2,Soil,Soil,Braunerde,Cambisol,1,FALSE,0.26,19.4.2018,100,1,28,10299,39611.7,1.77,1.72,47,25.4.2018; 27.4.2018,16S,Re-Eva15-B1_S15_L001_R1_001.fastq.gz
A1,1,Winter,1,Soil,Soil,Auboden,Fluvisol,1,FALSE,0.23,19.4.2018,100,1,11,8891.4,38658.4,1.81,1.54,20,25.4.2018; 27.4.2018,16S,Eva23-A1_S205_L001_R1_001.fastq.gz
A1,1,Winter,2,Soil,Soil,Auboden,Fluvisol,1,FALSE,0.23,19.4.2018,100,1,11,8891.4,38658.4,1.81,1.54,20,25.4.2018; 27.4.2018,16S,Re-Eva23-A1_S23_L001_R1_001.fastq.gz
A1-1-2,1,Winter,3,Soil,Soil,Kolluvisol,Luvisol,2,FALSE,0.27,1.8.2018,100,1,19,8600,9675.16,1.85,1.59,34.2,10.8.2018,16S,Eva32_A1-1-2_S241_L001_R1_001.fastq.gz
B1-1-2,1,Winter,3,Soil,Soil,Braunerde,Cambisol,2,FALSE,0.26,1.8.2018,100,1,56,8100,10492.65,1.83,1.79,39.5,10.8.2018,16S,Eva29_B1-1-2_S238_L001_R1_001.fastq.gz
K1-1-2,1,Winter,3,Soil,Soil,Auboden,Fluvisol,2,FALSE,0.26,1.8.2018,100,1,35,3300,8972.64,1.83,1.6,24.4,10.8.2018,16S,Eva26_K1-1-2_S235_L001_R1_001.fastq.gz
RF,1,Winter,1,Teabag,Rooibos,Unburied,Unburied,1,Biological,0.26,19.4.2018,100,1,0,8563.2,32935.2,0.79,0.19,3,25.4.2018; 27.4.2018,16S,Eva8-RF-K_S190_L001_R1_001.fastq.gz
RF,1,Winter,2,Teabag,Rooibos,Unburied,Unburied,1,Biological,0.26,19.4.2018,100,1,0,8563.2,32935.2,0.79,0.19,3,25.4.2018; 27.4.2018,16S,Re-Eva8-RF-K_S8_L001_R1_001.fastq.gz
GF,1,Winter,1,Teabag,Green tea,Unburied,Unburied,1,Biological,0.25,19.4.2018,100,1,0,3286.8,13147.2,1.22,0.26,4.4,NA,16S,Eva16-GF_S198_L001_R1_001.fastq.gz
GF,1,Winter,2,Teabag,Green tea,Unburied,Unburied,1,Biological,0.25,19.4.2018,100,1,0,3286.8,13147.2,1.22,0.26,4.4,NA,16S,Re-Eva16-GF_S16_L001_R1_001.fastq.gz
NTC,1,Winter,1,Control,Control,NA,NA,1,TRUE,0,NA,NA,NA,0,NA,NA,NA,NA,NA,25.4.2018; 27.4.2018,16S,Eva24-NTC_S206_L001_R1_001.fastq.gz
NTC,1,Winter,2,Control,Control,NA,NA,1,TRUE,0,NA,NA,NA,0,NA,NA,NA,NA,NA,25.4.2018; 27.4.2018,16S,Re-Eva24-NTC_S24_L001_R1_001.fastq.gz
GK5,2,Spring,4,Teabag,Green tea,Kolluvisol,Luvisol,1,FALSE,0.22,22.10.2018,100,1,14,1400,6363636.36,1.91,1.89,63.1,26.11.2018; 28.11.2018,16S,Angel001-GK5_S246_L001_R1_001.fastq.gz
GK6,2,Spring,3,Teabag,Green tea,Kolluvisol,Luvisol,2,FALSE,NA,NA,NA,NA,0,NA,NA,NA,NA,NA,NA,16S,NA
GK7,2,Spring,3,Teabag,Green tea,Kolluvisol,Luvisol,3,FALSE,0.25,3.7.2018,100,1,240,23964.7,96631.8,1.89,2.05,128,10.7.2018; 12.7.2018,16S,Eva13_GK7_S222_L001_R1_001.fastq.gz
GK8,2,Spring,3,Teabag,Green tea,Kolluvisol,Luvisol,4,FALSE,0.21,3.7.2018,100,1,268,26797.5,128217.7,1.9,2.01,138.5,10.7.2018 ; 12.7.2018,16S,Eva20_GK8_S229_L001_R1_001.fastq.gz
RK5,2,Spring,4,Teabag,Rooibos,Kolluvisol,Luvisol,1,FALSE,0.24,22.10.2018,100,1,5,500,2083333.33,1.67,0.87,12.3,26.11.2018; 28.11.2018,16S,Angel003-RK5_S248_L001_R1_001.fastq.gz
RK6,2,Spring,4,Teabag,Rooibos,Kolluvisol,Luvisol,2,FALSE,0.24,22.10.2018,100,1,13,1300,5416666.67,1.81,1.19,26.3,26.11.2018; 28.11.2018,16S,Angel004-RK6_S249_L001_R1_001.fastq.gz
RK7,2,Spring,3,Teabag,Rooibos,Kolluvisol,Luvisol,3,FALSE,0.22,3.7.2018,100,1,43,4320.9,19551.6,1.82,1.15,53.6,9.7.2018; 10.7.2018; 12.7.2018,16S,Eva14_RK7_S223_L001_R1_001.fastq.gz
RK8,2,Spring,3,Teabag,Rooibos,Kolluvisol,Luvisol,4,FALSE,0.26,3.7.2018,100,1,41,4079.7,15691.3,1.88,1.28,37.4,10.7.2018; 12.7.2018,16S,Eva21_RK8_S230_L001_R1_001.fastq.gz
GB5,2,Spring,3,Teabag,Green tea,Braunerde,Cambisol,1,FALSE,0.25,3.7.2018,100,1,313,31301,124705,1.89,2.12,190.2,9.7.2018; 10.7.2018; 12.7.2018,16S,Eva1_GB5_S210_L001_R1_001.fastq.gz
GB6,2,Spring,3,Teabag,Green tea,Braunerde,Cambisol,2,FALSE,0.25,3.7.2018,100,1,311,31141.2,126077.6,1.89,2.03,125.3,10.7.2018; 12.7.2018,16S,Eva7_GB6_S216_L001_R1_001.fastq.gz
GB7,2,Spring,3,Teabag,Green tea,Braunerde,Cambisol,3,FALSE,0.21,3.7.2018,100,1,217,21666.5,103667.3,1.9,2.02,180.5,10.7.2018; 12.7.2018,16S,Eva15_GB7_S224_L001_R1_001.fastq.gz
GB8,2,Spring,3,Teabag,Green tea,Braunerde,Cambisol,4,FALSE,0.21,3.7.2018,100,1,220,22003.5,104282,1.87,1.98,156.1,10.7.2018; 12.7.2018,16S,Eva22_GB8_S231_L001_R1_001.fastq.gz
RB5,2,Spring,3,Teabag,Rooibos,Braunerde,Cambisol,1,FALSE,0.24,3.7.2018,100,1,45,4451.6,18704.4,1.93,1.51,48.7,9.7.2018; 10.7.2018; 12.7.2018,16S,Eva2_RB5_S211_L001_R1_001.fastq.gz
RB6,2,Spring,3,Teabag,Rooibos,Braunerde,Cambisol,2,FALSE,0.23,3.7.2018,100,1,30,3030.9,13470.6,1.98,1.3,22.7,10.7.2018; 12.7.2018,16S,Eva8_RB6_S217_L001_R1_001.fastq.gz
RB7,2,Spring,3,Teabag,Rooibos,Braunerde,Cambisol,3,FALSE,0.27,3.7.2018,100,1,33,3321.4,12533.7,1.9,1.64,37.6,10.7.2018; 12.7.2018,16S,Eva16_RB7_S225_L001_R1_001.fastq.gz
RB8,2,Spring,3,Teabag,Rooibos,Braunerde,Cambisol,4,FALSE,0.24,3.7.2018,100,1,26,2612.5,11117,1.9,1.83,23.3,10.7.2018; 12.7.2018,16S,Eva23_RB8_S232_L001_R1_001.fastq.gz
GA5,2,Spring,3,Teabag,Green tea,Auboden,Fluvisol,1,FALSE,0.22,3.7.2018,100,1,203,20254.4,92910.2,1.86,1.86,160.5,9.7.2018; 10.7.2018; 12.7.2018,16S,Eva3_GA5_S212_L001_R1_001.fastq.gz
GA6,2,Spring,3,Teabag,Green tea,Auboden,Fluvisol,2,FALSE,0.2,3.7.2018,100,1,360,36004.9,176494.6,1.89,2.05,185.6,10.7.2018; 12.7.2018,16S,Eva9_GA6_S218_L001_R1_001.fastq.gz
GA7,2,Spring,3,Teabag,Green tea,Auboden,Fluvisol,3,FALSE,0.21,3.7.2018,100,1,377,37745.3,177207.8,1.9,2.06,219.5,10.7.2018; 12.7.2018,16S,Eva17_GA7_S226_L001_R1_001.fastq.gz
GA8,2,Spring,3,Teabag,Green tea,Auboden,Fluvisol,4,FALSE,0.21,3.7.2018,100,1,289,28854.6,140070.7,1.86,1.91,188.3,10.7.2018; 12.7.2018,16S,Eva24_GA8_S233_L001_R1_001.fastq.gz
RA5,2,Spring,3,Teabag,Rooibos,Auboden,Fluvisol,1,FALSE,0.2,3.7.2018,100,1,14,1360.2,6835.4,1.79,1.35,16.2,9.7.2018; 10.7.2018; 12.7.2018,16S,Eva4_RA5_S213_L001_R1_001.fastq.gz
RA6,2,Spring,3,Teabag,Rooibos,Auboden,Fluvisol,2,FALSE,0.22,3.7.2018,100,1,71,7092.7,32093.7,1.8,1.42,35.2,10.7.2018; 12.7.2018,16S,Eva10_RA6_S219_L001_R1_001.fastq.gz
RA7,2,Spring,3,Teabag,Rooibos,Auboden,Fluvisol,3,FALSE,0.23,3.7.2018,100,1,20,2028.5,9015.5,1.67,1.32,12.7,10.7.2018; 12.7.2018,16S,Eva18_RA7_S227_L001_R1_001.fastq.gz
RA8,2,Spring,3,Teabag,Rooibos,Auboden,Fluvisol,4,FALSE,0.25,3.7.2018,100,1,42,4184.3,17078.9,1.81,1.45,30.8,10.7.2018; 12.7.2018,16S,Eva25_RA8_S234_L001_R1_001.fastq.gz
K1-2-1,2,Spring,3,Soil,Soil,Kolluvisol,Luvisol,1,FALSE,0.26,3.7.2018,100,1,23,2336.5,8883.9,1.86,1.6,25.7,9.7.2018; 10.7.2018,16S,Eva5_K1-2-1_S214_L001_R1_001.fastq.gz
B1-2-1,2,Spring,3,Soil,Soil,Braunerde,Cambisol,1,FALSE,0.28,3.7.2018,100,1,133,13263.9,48232.3,1.83,1.95,66,9.7.2018; 10.7.2018,16S,Eva11_B1-2-1_S220_L001_R1_001.fastq.gz
A1-2-1,2,Spring,3,Soil,Soil,Auboden,Fluvisol,1,FALSE,0.25,3.7.2018,100,1,86,8618.1,34610.7,1.87,1.73,41.6,9.7.2018; 10.7.2018,16S,Eva19_A1-2-1_S228_L001_R1_001.fastq.gz
blank extraction,2,Spring,3,Control,Control,NA,NA,1,TRUE,NA,3.7.2018,100,1,0,NA,NA,2.86,0.52,1.5,9.7.2018; 10.7.2018,16S,Eva6_blank_extr_S215_L001_R1_001.fastq.gz
K1-2-2,2,Spring,3,Soil,Soil,Kolluvisol,Luvisol,2,FALSE,0.26,1.8.2018,100,1,28,2800,10894.9,1.84,1.39,23.7,10.8.2018,16S,Eva27_K1-2-2_S236_L001_R1_001.fastq.gz
B1-2-2,2,Spring,3,Soil,Soil,Braunerde,Cambisol,2,FALSE,0.25,1.8.2018,100,1,46,4600,18254,1.84,1.86,37.2,10.8.2018,16S,Eva30_B1-2-2_S239_L001_R1_001.fastq.gz
A1-2-2,2,Spring,3,Soil,Soil,Auboden,Fluvisol,2,FALSE,0.26,1.8.2018,100,1,25,2500,9727.6,1.87,1.6,25.3,10.8.2018,16S,Eva33_A1-2-2_S242_L001_R1_001.fastq.gz
NTC,2,Spring,3,Control,Control,NA,NA,1,TRUE,0,NA,NA,NA,0,NA,NA,NA,NA,NA,NA,16S,Eva12_NTC_S221_L001_R1_001.fastq.gz
GK9,3,Summer,4,Teabag,Green tea,Kolluvisol,Luvisol,1,FALSE,NA,NA,NA,NA,0,NA,NA,NA,NA,NA,NA,16S,NA
GK10,3,Summer,4,Teabag,Green tea,Kolluvisol,Luvisol,2,FALSE,0.24,22.10.2018,100,1,103,10300,42916666.67,1.87,1.94,173.2,26.11.2018; 28.11.2018,16S,Angel002-GK10_S247_L001_R1_001.fastq.gz
GK11,3,Summer,4,Teabag,Green tea,Kolluvisol,Luvisol,3,FALSE,0.22,22.10.2018,100,1,105,10498.6,47720896.5,1.89,2.04,177.9,26.11.2018; 28.11.2018,16S,Angel007-RK11-GK11_S252_L001_R1_001.fastq.gz
GK12,3,Summer,4,Teabag,Green tea,Kolluvisol,Luvisol,4,FALSE,NA,NA,NA,NA,0,NA,NA,NA,NA,NA,NA,16S,NA
RK9,3,Summer,4,Teabag,Rooibos,Kolluvisol,Luvisol,1,FALSE,0.23,22.10.2018,100,1,37,3702.8,16098940.27,1.84,1.91,65.8,26.11.2018; 28.11.2018,16S,Angel005-RK9_S250_L001_R1_001.fastq.gz
RK10,3,Summer,4,Teabag,Rooibos,Kolluvisol,Luvisol,2,FALSE,0.24,22.10.2018,100,1,41,4097.5,17072930.37,1.87,1.84,78,26.11.2018; 28.11.2018,16S,Angel006-RK10_S251_L001_R1_001.fastq.gz
RK11,3,Summer,4,Teabag,Rooibos,Kolluvisol,Luvisol,3,FALSE,NA,NA,NA,NA,0,NA,NA,NA,NA,NA,NA,16S,NA
RK12,3,Summer,4,Teabag,Rooibos,Kolluvisol,Luvisol,4,FALSE,0.26,22.10.2018,100,1,30,3008.7,11572015.04,1.87,1.73,51,26.11.2018; 28.11.2018,16S,Angel008-RK12_S253_L001_R1_001.fastq.gz
GB9,3,Summer,4,Teabag,Green tea,Braunerde,Cambisol,1,FALSE,0.2,22.10.2018,100,1,133,13326.3,66631637.81,1.9,1.97,225,26.11.2018; 28.11.2018,16S,Angel009-GB9_S254_L001_R1_001.fastq.gz
GB10,3,Summer,4,Teabag,Green tea,Braunerde,Cambisol,2,FALSE,0.24,22.10.2018,100,1,108,10797.9,44991177.32,1.89,1.98,180,26.11.2018; 28.11.2018,16S,Angel010-GB10_S255_L001_R1_001.fastq.gz
GB11,3,Summer,4,Teabag,Green tea,Braunerde,Cambisol,3,FALSE,0.21,23.10.2018,100,1,69,6902,32866729.57,2.01,1.78,139.3,26.11.2018; 28.11.2018,16S,Angel011-GB11_S256_L001_R1_001.fastq.gz
GB12,3,Summer,4,Teabag,Green tea,Braunerde,Cambisol,4,FALSE,0.23,23.10.2018,100,1,76,7590.9,33003849.88,2.04,1.76,159.1,26.11.2018; 28.11.2018,16S,Angel012-GB12_S257_L001_R1_001.fastq.gz
RB9,3,Summer,4,Teabag,Rooibos,Braunerde,Cambisol,1,FALSE,0.24,23.10.2018,100,1,45,4531,18878962.52,2.05,1.96,81.7,26.11.2018; 28.11.2018,16S,Angel013-RB9_S258_L001_R1_001.fastq.gz
RB10,3,Summer,4,Teabag,Rooibos,Braunerde,Cambisol,2,FALSE,0.24,23.10.2018,100,1,22,2180.5,9085538.2,2.03,1.68,49.4,26.11.2018; 28.11.2018,16S,Angel014-RB10_S259_L001_R1_001.fastq.gz
RB11,3,Summer,4,Teabag,Rooibos,Braunerde,Cambisol,3,FALSE,0.25,23.10.2018,100,1,59,5942.2,23768944.5,2.05,1.87,98,26.11.2018; 28.11.2018,16S,Angel015-RB11_S260_L001_R1_001.fastq.gz
RB12,3,Summer,4,Teabag,Rooibos,Braunerde,Cambisol,4,FALSE,0.23,23.10.2018,100,1,55,5477.8,23816642.87,2.02,1.81,91.2,26.11.2018; 28.11.2018,16S,Angel016-RB12_S261_L001_R1_001.fastq.gz
GA9,3,Summer,4,Teabag,Green tea,Auboden,Fluvisol,1,FALSE,0.25,23.10.2018,100,1,112,11190,44760198.15,2.07,1.99,91.2,26.11.2018; 28.11.2018,16S,Angel017-GA9_S262_L001_R1_001.fastq.gz
GA10,3,Summer,4,Teabag,Green tea,Auboden,Fluvisol,2,FALSE,0.23,23.10.2018,100,1,94,9404.7,40889816.33,2.05,1.87,154.5,26.11.2018; 28.11.2018,16S,Angel018-GA10_S263_L001_R1_001.fastq.gz
GA11,3,Summer,4,Teabag,Green tea,Auboden,Fluvisol,3,FALSE,0.26,23.10.2018,100,1,94,9358.2,35993142.04,2.06,1.91,154,26.11.2018; 28.11.2018,16S,Angel019-GA11_S264_L001_R1_001.fastq.gz
GA12,3,Summer,4,Teabag,Green tea,Auboden,Fluvisol,4,FALSE,0.24,23.10.2018,100,1,110,11006.9,45861942.82,2.08,2.01,180.6,26.11.2018; 28.11.2018,16S,Angel020-GA12_S265_L001_R1_001.fastq.gz
RA9,3,Summer,4,Teabag,Rooibos,Auboden,Fluvisol,1,FALSE,0.23,23.10.2018,100,1,48,4783.8,20799110.89,2.06,1.96,78.6,26.11.2018; 28.11.2018,16S,Angel021-RA9_S266_L001_R1_001.fastq.gz
RA10,3,Summer,4,Teabag,Rooibos,Auboden,Fluvisol,2,FALSE,0.23,23.10.2018,100,1,52,5165.6,22459314.36,2.09,1.9,81.7,26.11.2018; 28.11.2018,16S,Angel022-RA10_S267_L001_R1_001.fastq.gz
RA11,3,Summer,4,Teabag,Rooibos,Auboden,Fluvisol,3,FALSE,0.26,14.11.2018,100,1,52,5181,19926860.98,1.9,2.03,65.4,26.11.2018; 28.11.2018,16S,Angel023-RA11_S268_L001_R1_001.fastq.gz
RA12,3,Summer,4,Teabag,Rooibos,Auboden,Fluvisol,4,FALSE,0.24,14.11.2018,100,1,55,5455.2,22730007.57,1.87,2.01,74.3,26.11.2018; 28.11.2018,16S,Angel024-RA12_S269_L001_R1_001.fastq.gz
K1-3-1,3,Summer,4,Soil,Soil,Kolluvisol,Luvisol,1,FALSE,0.24,14.11.2018,100,1,18,1783.4,7430856.88,1.76,1.95,20.4,26.11.2018; 28.11.2018,16S,Angel025-K1-3-1_S270_L001_R1_001.fastq.gz
K1-3-2,3,Summer,4,Soil,Soil,Kolluvisol,Luvisol,2,FALSE,0.25,14.11.2018,100,1,19,1874,7495882.95,1.84,2.21,20.2,26.11.2018; 28.11.2018,16S,Angel026-K1-3-2_S271_L001_R1_001.fastq.gz
K1-3-3,3,Summer,4,Soil,Soil,Kolluvisol,Luvisol,3,FALSE,0.26,14.11.2018,100,1,22,2161.1,8311748.04,1.85,1.75,25.1,26.11.2018; 28.11.2018,16S,Angel027-K1-3-3_S272_L001_R1_001.fastq.gz
B1-3-1,3,Summer,4,Soil,Soil,Braunerde,Cambisol,1,FALSE,0.25,14.11.2018,100,1,43,4338.7,17354611.5,1.87,1.9,54,26.11.2018; 28.11.2018,16S,Angel028-B1-3-1_S273_L001_R1_001.fastq.gz
B1-3-2,3,Summer,4,Soil,Soil,Braunerde,Cambisol,2,FALSE,0.26,14.11.2018,100,1,42,4246.3,16332007.3,1.87,1.88,53.5,26.11.2018; 28.11.2018,16S,Angel029-B1-3-2_S274_L001_R1_001.fastq.gz
B1-3-3,3,Summer,4,Soil,Soil,Braunerde,Cambisol,3,FALSE,0.26,14.11.2018,100,1,44,4394.7,16902526.59,1.86,1.95,54.8,26.11.2018; 28.11.2018,16S,Angel030-B1-3-3_S275_L001_R1_001.fastq.gz
A1-3-1,3,Summer,4,Soil,Soil,Auboden,Fluvisol,1,FALSE,0.24,14.11.2018,100,1,35,3471.1,14462895.22,1.85,1.77,43.2,26.11.2018; 28.11.2018,16S,Angel031-A1-3-1_S276_L001_R1_001.fastq.gz
A1-3-2,3,Summer,4,Soil,Soil,Auboden,Fluvisol,2,FALSE,0.24,14.11.2018,100,1,35,3504.6,14602695.09,1.86,1.8,43.1,26.11.2018; 28.11.2018,16S,Angel032-A1-3-2_S277_L001_R1_001.fastq.gz
A1-3-3,3,Summer,4,Soil,Soil,Auboden,Fluvisol,3,FALSE,0.24,14.11.2018,100,1,35,3511.5,14631075.51,1.8,1.75,40.2,26.11.2018; 28.11.2018,16S,Angel033-A1-3-3_S278_L001_R1_001.fastq.gz
blank extr.,3,Summer,4,Control,Control,NA,NA,1,TRUE,NA,14.11.2018,100,1,0,NA,NA,NA,NA,0,26.11.2018; 28.11.2018,16S,Angel034-ExtrCTRL_S279_L001_R1_001.fastq.gz
NTC,3,Summer,4,Control,Control,NA,NA,1,TRUE,0,NA,NA,NA,0,NA,NA,NA,NA,NA,NA,16S,Angel035-CTRL_S280_L001_R1_001.fastq.gz
RK13,4,Autumn,5,Teabag,Rooibos,Kolluvisol,Luvisol,1,FALSE,0.27,31.1.2019,100,1,35,3494.4,12942.21,1.78,1.42,50.1,13.2.2019,16S,Angel032-RK13_S32_L001_R1_001.fastq.gz
RK14,4,Autumn,5,Teabag,Rooibos,Kolluvisol,Luvisol,2,FALSE,0.27,31.1.2019,100,1,28,2790.1,10333.7,1.72,1.41,33.5,13.2.2019,16S,Angel033-RK14_S33_L001_R1_001.fastq.gz
RK15,4,Autumn,5,Teabag,Rooibos,Kolluvisol,Luvisol,3,FALSE,0.24,31.1.2019,100,1,36,3641.4,15172.54,1.86,2.25,59.6,13.2.2019,16S,Angel034-RK15_S34_L001_R1_001.fastq.gz
RK16,4,Autumn,5,Teabag,Rooibos,Kolluvisol,Luvisol,4,FALSE,0.26,31.1.2019,100,1,21,2106.3,8101.21,1.72,1.66,24.1,13.2.2019,16S,Angel035-RK16_S35_L001_R1_001.fastq.gz
GK13,4,Autumn,5,Teabag,Green tea,Kolluvisol,Luvisol,1,FALSE,0.28,31.1.2019,100,1,61,6089.4,21747.7,1.84,2.14,84.7,7.2.2019; 8.2.2019,16S,Angel018-GK13_S18_L001_R1_001.fastq.gz
GK14,4,Autumn,5,Teabag,Green tea,Kolluvisol,Luvisol,2,FALSE,0.24,31.1.2019,100,1,61,6085.9,25358.07,1.86,2.23,110.6,7.2.2019; 8.2.2019,16S,Angel019-GK14_S19_L001_R1_001.fastq.gz
GK15,4,Autumn,5,Teabag,Green tea,Kolluvisol,Luvisol,3,FALSE,0.25,31.1.2019,100,1,59,5921.8,23687.32,1.85,2.22,102.3,7.2.2019; 8.2.2019,16S,Angel020-GK15_S20_L001_R1_001.fastq.gz
GK16,4,Autumn,5,Teabag,Green tea,Kolluvisol,Luvisol,4,FALSE,0.24,31.1.2019,100,1,75,7501.4,31255.71,1.88,2.09,123.8,7.2.2019; 8.2.2019,16S,Angel021-GK16_S21_L001_R1_001.fastq.gz
RB13,4,Autumn,5,Teabag,Rooibos,Braunerde,Cambisol,1,FALSE,0.25,30.1.2019,100,1,37,3726.9,14907.53,1.74,1.3,42.2,13.2.2019,16S,Angel028-RB13_S28_L001_R1_001.fastq.gz
RB14,4,Autumn,5,Teabag,Rooibos,Braunerde,Cambisol,2,FALSE,0.26,30.1.2019,100,1,41,4133.7,15898.98,1.77,1.58,47.2,13.2.2019,16S,Angel029-RB14_S29_L001_R1_001.fastq.gz
RB15,4,Autumn,5,Teabag,Rooibos,Braunerde,Cambisol,3,FALSE,0.27,30.1.2019,100,1,17,1733.7,6420.93,1.66,1.21,23.5,13.2.2019,16S,Angel030-RB15_S30_L001_R1_001.fastq.gz
RB16,4,Autumn,5,Teabag,Rooibos,Braunerde,Cambisol,4,FALSE,0.26,30.1.2019,100,1,37,3675.6,14136.92,1.76,1.36,41.8,13.2.2019,16S,Angel031-RB16_S31_L001_R1_001.fastq.gz
GB13,4,Autumn,5,Teabag,Green tea,Braunerde,Cambisol,1,FALSE,0.29,31.1.2019,100,1,72,7176.6,24746.81,1.86,2.13,100.6,7.2.2019; 8.2.2019,16S,Angel014-GB13_S14_L001_R1_001.fastq.gz
GB14,4,Autumn,5,Teabag,Green tea,Braunerde,Cambisol,2,FALSE,0.26,31.1.2019,100,1,64,6369.7,24498.88,1.83,2,8.06,7.2.2019; 8.2.2019,16S,Angel015-GB14_S15_L001_R1_001.fastq.gz
GB15,4,Autumn,5,Teabag,Green tea,Braunerde,Cambisol,3,FALSE,0.26,31.1.2019,100,1,64,6376.5,24525.18,1.81,1.98,78.85,7.2.2019; 8.2.2019,16S,Angel016-GB15_S16_L001_R1_001.fastq.gz
GB16,4,Autumn,5,Teabag,Green tea,Braunerde,Cambisol,4,FALSE,0.26,31.1.2019,100,1,69,6889.4,26497.63,1.85,2.18,101.9,7.2.2019; 8.2.2019,16S,Angel017-GB16_S17_L001_R1_001.fastq.gz
RA13,4,Autumn,5,Teabag,Rooibos,Auboden,Fluvisol,1,FALSE,0.29,30.1.2019,100,1,32,3207.2,11059.33,1.78,1.48,36.1,13.2.2019,16S,Angel024-RA13_S24_L001_R1_001.fastq.gz
RA14,4,Autumn,5,Teabag,Rooibos,Auboden,Fluvisol,2,FALSE,0.29,30.1.2019,100,1,28,2827.7,9750.71,1.69,1.23,36.7,13.2.2019,16S,Angel025-RA14_S25_L001_R1_001.fastq.gz
RA15,4,Autumn,5,Teabag,Rooibos,Auboden,Fluvisol,3,FALSE,0.28,30.1.2019,100,1,57,5655.2,20196.98,1.83,1.86,69.6,13.2.2019,16S,Angel026-RA15_S26_L001_R1_001.fastq.gz
RA16,4,Autumn,5,Teabag,Rooibos,Auboden,Fluvisol,4,FALSE,0.27,30.1.2019,100,1,59,5925.2,21945.37,1.83,1.82,73.5,13.2.2019,16S,Angel027-RA16_S27_L001_R1_001.fastq.gz
GA13,4,Autumn,5,Teabag,Green tea,Auboden,Fluvisol,1,FALSE,0.25,30.1.2019,100,1,76,7573.2,30292.67,1.87,2.11,155.3,7.2.2019; 8.2.2019,16S,Angel010-GA13_S10_L001_R1_001.fastq.gz
GA14,4,Autumn,5,Teabag,Green tea,Auboden,Fluvisol,2,FALSE,0.24,30.1.2019,100,1,77,7730.4,32210.16,1.85,2.03,165.1,7.2.2019; 8.2.2019,16S,Angel011-GA14_S11_L001_R1_001.fastq.gz
GA15,4,Autumn,5,Teabag,Green tea,Auboden,Fluvisol,3,FALSE,0.29,30.1.2019,100,1,78,7798.8,26892.47,1.87,2.08,186,7.2.2019; 8.2.2019,16S,Angel012-GA15_S12_L001_R1_001.fastq.gz
GA16,4,Autumn,5,Teabag,Green tea,Auboden,Fluvisol,4,FALSE,0.27,30.1.2019,100,1,76,7645,28314.69,1.85,2.1,173.7,7.2.2019; 8.2.2019,16S,Angel013-GA16_S13_L001_R1_001.fastq.gz
soil 6-1,4,Autumn,5,Soil,Soil,Kolluvisol,Luvisol,1,FALSE,0.36,29.1.2019,100,1,27,2653.3,7370.39,1.76,1.89,37.1,7.2.2019; 8.2.2019,16S,Angel001-soil6-1_S1_L001_R1_001.fastq.gz
soil 6-2,4,Autumn,5,Soil,Soil,Kolluvisol,Luvisol,2,FALSE,0.31,29.1.2019,100,1,6,581.5,1875.73,1.55,0.82,7.3,7.2.2019; 8.2.2019,16S,Angel002-soil6-2_S2_L001_R1_001.fastq.gz
soil 6-3,4,Autumn,5,Soil,Soil,Kolluvisol,Luvisol,3,FALSE,0.34,29.1.2019,100,1,21,2102.9,6184.99,1.72,1.65,24.8,7.2.2019; 8.2.2019,16S,Angel003-soil6-3_S3_L001_R1_001.fastq.gz
soil 5-1,4,Autumn,5,Soil,Soil,Braunerde,Cambisol,1,FALSE,0.25,29.1.2019,100,1,22,2246.5,8985.96,1.72,1.94,25.1,7.2.2019; 8.2.2019,16S,Angel004-soil5-1_S4_L001_R1_001.fastq.gz
soil 5-2,4,Autumn,5,Soil,Soil,Braunerde,Cambisol,2,FALSE,0.28,29.1.2019,100,1,31,3114.9,11124.63,1.75,1.74,35.9,7.2.2019; 8.2.2019,16S,Angel005-soil5-2_S5_L001_R1_001.fastq.gz
soil 5-3,4,Autumn,5,Soil,Soil,Braunerde,Cambisol,3,FALSE,0.26,29.1.2019,100,1,23,2263.6,8706.1,1.72,1.71,26.5,7.2.2019; 8.2.2019,16S,Angel006-soil5-3_S6_L001_R1_001.fastq.gz
soil 4-1,4,Autumn,5,Soil,Soil,Auboden,Fluvisol,1,FALSE,0.27,29.1.2019,100,1,12,1200.3,4445.56,1.77,1.35,13.5,7.2.2019; 8.2.2019,16S,Angel007-soil4-1_S7_L001_R1_001.fastq.gz
soil 4-2,4,Autumn,5,Soil,Soil,Auboden,Fluvisol,2,FALSE,0.27,29.1.2019,100,1,28,2803.8,10384.35,1.71,1.67,30.6,7.2.2019; 8.2.2019,16S,Angel008-soil4-2_S8_L001_R1_001.fastq.gz
soil 4-3,4,Autumn,5,Soil,Soil,Auboden,Fluvisol,3,FALSE,0.26,29.1.2019,100,1,21,2051.6,7890.82,1.76,1.73,23.7,7.2.2019; 8.2.2019,16S,Angel009-soil4-3_S9_L001_R1_001.fastq.gz
mock community,4,Autumn,5,Mock,Mock,NA,NA,1,FALSE,NA,NA,NA,1,10,NA,NA,NA,NA,NA,12.2.2019,16S,Angel036-mock-Com_S36_L001_R1_001.fastq.gz
blank extr.,4,Autumn,5,Control,Control,NA,NA,1,TRUE,NA,29.1.2019,100,1,1,100,NA,1.38,0.56,19.5,12.2.2019,16S,Angel022-blank-Extr_S22_L001_R1_001.fastq.gz
NTC,4,Autumn,5,Control,Control,NA,NA,1,TRUE,NA,NA,NA,NA,0,NA,NA,NA,NA,NA,NA,16S,Angel023-NTC_S23_L001_R1_001.fastq.gz
